pr_url,commits_after_review
https://github.com/ros/rosdistro/pull/42740,0
https://github.com/ros/rosdistro/pull/42561,0
https://github.com/ros/rosdistro/pull/32380,0
https://github.com/ros/rosdistro/pull/29176,1
https://github.com/ros/rosdistro/pull/29035,0
https://github.com/ros/rosdistro/pull/26642,1
https://github.com/ros/rosdistro/pull/26487,0
https://github.com/ros/rosdistro/pull/21649,0
https://github.com/ros/rosdistro/pull/20738,1
https://github.com/ros/rosdistro/pull/20474,0
https://github.com/ros/rosdistro/pull/19567,3
https://github.com/ros/rosdistro/pull/18305,0
https://github.com/ros/rosdistro/pull/15567,0
https://github.com/ros/rosdistro/pull/12866,0
https://github.com/ros/rosdistro/pull/10586,0
https://github.com/ros/rosdistro/pull/9571,0
https://github.com/ros/rosdistro/pull/45554,2
https://github.com/ros/rosdistro/pull/45387,1
https://github.com/ros/rosdistro/pull/45319,0
https://github.com/ros/rosdistro/pull/45318,0
https://github.com/ros/rosdistro/pull/45317,0
https://github.com/ros/rosdistro/pull/45314,0
https://github.com/ros/rosdistro/pull/45313,0
https://github.com/ros/rosdistro/pull/45312,0
https://github.com/ros/rosdistro/pull/45311,0
https://github.com/ros/rosdistro/pull/45310,0
https://github.com/ros/rosdistro/pull/45309,0
https://github.com/ros/rosdistro/pull/45307,0
https://github.com/ros/rosdistro/pull/45306,6
https://github.com/ros/rosdistro/pull/45277,1
https://github.com/ros/rosdistro/pull/45169,0
https://github.com/ros/rosdistro/pull/45168,0
https://github.com/ros/rosdistro/pull/45167,1
https://github.com/ros/rosdistro/pull/45164,2
https://github.com/ros/rosdistro/pull/45115,1
https://github.com/ros/rosdistro/pull/45085,9
https://github.com/ros/rosdistro/pull/45084,8
https://github.com/ros/rosdistro/pull/45035,5
https://github.com/ros/rosdistro/pull/44989,1
https://github.com/ros/rosdistro/pull/44988,1
https://github.com/ros/rosdistro/pull/44984,2
https://github.com/ros/rosdistro/pull/44942,0
https://github.com/ros/rosdistro/pull/44920,0
https://github.com/ros/rosdistro/pull/44918,9
https://github.com/ros/rosdistro/pull/44839,1
https://github.com/ros/rosdistro/pull/44829,0
https://github.com/ros/rosdistro/pull/44759,1
https://github.com/ros/rosdistro/pull/44757,1
https://github.com/ros/rosdistro/pull/44743,1
https://github.com/ros/rosdistro/pull/44741,1
https://github.com/ros/rosdistro/pull/44705,0
https://github.com/ros/rosdistro/pull/44672,2
https://github.com/ros/rosdistro/pull/44654,3
https://github.com/ros/rosdistro/pull/44653,0
https://github.com/ros/rosdistro/pull/44652,0
https://github.com/ros/rosdistro/pull/44541,0
https://github.com/ros/rosdistro/pull/44508,1
https://github.com/ros/rosdistro/pull/44501,1
https://github.com/ros/rosdistro/pull/44427,1
https://github.com/ros/rosdistro/pull/44420,0
https://github.com/ros/rosdistro/pull/44413,0
https://github.com/ros/rosdistro/pull/44396,5
https://github.com/ros/rosdistro/pull/44327,1
https://github.com/ros/rosdistro/pull/44313,0
https://github.com/ros/rosdistro/pull/44305,1
https://github.com/ros/rosdistro/pull/44301,6
https://github.com/ros/rosdistro/pull/44277,0
https://github.com/ros/rosdistro/pull/44223,0
https://github.com/ros/rosdistro/pull/44181,2
https://github.com/ros/rosdistro/pull/44166,3
https://github.com/ros/rosdistro/pull/44122,0
https://github.com/ros/rosdistro/pull/44119,4
https://github.com/ros/rosdistro/pull/44039,1
https://github.com/ros/rosdistro/pull/44038,0
https://github.com/ros/rosdistro/pull/44037,1
https://github.com/ros/rosdistro/pull/43942,1
https://github.com/ros/rosdistro/pull/43904,2
https://github.com/ros/rosdistro/pull/43897,0
https://github.com/ros/rosdistro/pull/43860,0
https://github.com/ros/rosdistro/pull/43767,0
https://github.com/ros/rosdistro/pull/43756,0
https://github.com/ros/rosdistro/pull/43720,2
https://github.com/ros/rosdistro/pull/43622,0
https://github.com/ros/rosdistro/pull/43539,1
https://github.com/ros/rosdistro/pull/43530,2
https://github.com/ros/rosdistro/pull/43517,0
https://github.com/ros/rosdistro/pull/43511,1
https://github.com/ros/rosdistro/pull/43502,3
https://github.com/ros/rosdistro/pull/43500,0
https://github.com/ros/rosdistro/pull/43485,5
https://github.com/ros/rosdistro/pull/43482,0
https://github.com/ros/rosdistro/pull/43466,1
https://github.com/ros/rosdistro/pull/43463,3
https://github.com/ros/rosdistro/pull/43462,1
https://github.com/ros/rosdistro/pull/43391,3
https://github.com/ros/rosdistro/pull/43386,2
https://github.com/ros/rosdistro/pull/43327,5
https://github.com/ros/rosdistro/pull/43326,3
https://github.com/ros/rosdistro/pull/43261,0
https://github.com/ros/rosdistro/pull/43254,1
https://github.com/ros/rosdistro/pull/43253,2
https://github.com/ros/rosdistro/pull/43190,4
https://github.com/ros/rosdistro/pull/43178,0
https://github.com/ros/rosdistro/pull/43173,0
https://github.com/ros/rosdistro/pull/43171,0
https://github.com/ros/rosdistro/pull/43167,1
https://github.com/ros/rosdistro/pull/43023,1
https://github.com/ros/rosdistro/pull/43013,0
https://github.com/ros/rosdistro/pull/42870,1
https://github.com/ros/rosdistro/pull/42841,0
https://github.com/ros/rosdistro/pull/42824,0
https://github.com/ros/rosdistro/pull/42823,1
https://github.com/ros/rosdistro/pull/42683,2
https://github.com/ros/rosdistro/pull/42667,0
https://github.com/ros/rosdistro/pull/42617,0
https://github.com/ros/rosdistro/pull/42483,2
https://github.com/ros/rosdistro/pull/42464,0
https://github.com/ros/rosdistro/pull/42428,3
https://github.com/ros/rosdistro/pull/42353,11
https://github.com/ros/rosdistro/pull/42352,1
https://github.com/ros/rosdistro/pull/42333,0
https://github.com/ros/rosdistro/pull/42315,9
https://github.com/ros/rosdistro/pull/42280,2
https://github.com/ros/rosdistro/pull/42206,1
https://github.com/ros/rosdistro/pull/42205,0
https://github.com/ros/rosdistro/pull/42168,0
https://github.com/ros/rosdistro/pull/42144,2
https://github.com/ros/rosdistro/pull/41981,2
https://github.com/ros/rosdistro/pull/41979,1
https://github.com/ros/rosdistro/pull/41977,5
https://github.com/ros/rosdistro/pull/41961,3
https://github.com/ros/rosdistro/pull/41960,1
https://github.com/ros/rosdistro/pull/41947,1
https://github.com/ros/rosdistro/pull/41887,2
https://github.com/ros/rosdistro/pull/41741,2
https://github.com/ros/rosdistro/pull/41623,0
https://github.com/ros/rosdistro/pull/41599,1
https://github.com/ros/rosdistro/pull/41591,3
https://github.com/ros/rosdistro/pull/41578,0
https://github.com/ros/rosdistro/pull/41577,2
https://github.com/ros/rosdistro/pull/41550,1
https://github.com/ros/rosdistro/pull/41519,2
https://github.com/ros/rosdistro/pull/41466,1
https://github.com/ros/rosdistro/pull/41445,1
https://github.com/ros/rosdistro/pull/41432,2
https://github.com/ros/rosdistro/pull/41413,0
https://github.com/ros/rosdistro/pull/41390,0
https://github.com/ros/rosdistro/pull/41307,1
https://github.com/ros/rosdistro/pull/41305,1
https://github.com/ros/rosdistro/pull/41304,2
https://github.com/ros/rosdistro/pull/41262,1
https://github.com/ros/rosdistro/pull/41254,1
https://github.com/ros/rosdistro/pull/41219,1
https://github.com/ros/rosdistro/pull/41129,2
https://github.com/ros/rosdistro/pull/41102,3
https://github.com/ros/rosdistro/pull/41063,4
https://github.com/ros/rosdistro/pull/41062,1
https://github.com/ros/rosdistro/pull/41004,0
https://github.com/ros/rosdistro/pull/40865,2
https://github.com/ros/rosdistro/pull/40861,1
https://github.com/ros/rosdistro/pull/40834,1
https://github.com/ros/rosdistro/pull/40823,0
https://github.com/ros/rosdistro/pull/40809,4
https://github.com/ros/rosdistro/pull/40772,2
https://github.com/ros/rosdistro/pull/40750,2
https://github.com/ros/rosdistro/pull/40747,1
https://github.com/ros/rosdistro/pull/40651,7
https://github.com/ros/rosdistro/pull/40646,9
https://github.com/ros/rosdistro/pull/40599,8
https://github.com/ros/rosdistro/pull/40593,0
https://github.com/ros/rosdistro/pull/40564,0
https://github.com/ros/rosdistro/pull/40552,0
https://github.com/ros/rosdistro/pull/40543,1
https://github.com/ros/rosdistro/pull/40529,4
https://github.com/ros/rosdistro/pull/40464,2
https://github.com/ros/rosdistro/pull/40419,0
https://github.com/ros/rosdistro/pull/40318,1
https://github.com/ros/rosdistro/pull/40304,3
https://github.com/ros/rosdistro/pull/40285,2
https://github.com/ros/rosdistro/pull/40284,5
https://github.com/ros/rosdistro/pull/40283,5
https://github.com/ros/rosdistro/pull/40281,1
https://github.com/ros/rosdistro/pull/40275,0
https://github.com/ros/rosdistro/pull/40264,1
https://github.com/ros/rosdistro/pull/40241,2
https://github.com/ros/rosdistro/pull/40208,0
https://github.com/ros/rosdistro/pull/40201,3
https://github.com/ros/rosdistro/pull/40170,2
https://github.com/ros/rosdistro/pull/40105,1
https://github.com/ros/rosdistro/pull/40012,1
https://github.com/ros/rosdistro/pull/39906,0
https://github.com/ros/rosdistro/pull/39905,3
https://github.com/ros/rosdistro/pull/39902,1
https://github.com/ros/rosdistro/pull/39868,1
https://github.com/ros/rosdistro/pull/39858,0
https://github.com/ros/rosdistro/pull/39791,1
https://github.com/ros/rosdistro/pull/39768,3
https://github.com/ros/rosdistro/pull/39712,4
https://github.com/ros/rosdistro/pull/39705,0
https://github.com/ros/rosdistro/pull/39702,2
https://github.com/ros/rosdistro/pull/39543,0
https://github.com/ros/rosdistro/pull/39512,3
https://github.com/ros/rosdistro/pull/39400,5
https://github.com/ros/rosdistro/pull/39399,1
https://github.com/ros/rosdistro/pull/39395,2
https://github.com/ros/rosdistro/pull/39306,1
https://github.com/ros/rosdistro/pull/39236,1
https://github.com/ros/rosdistro/pull/39203,2
https://github.com/ros/rosdistro/pull/39172,0
https://github.com/ros/rosdistro/pull/39049,0
https://github.com/ros/rosdistro/pull/39010,2
https://github.com/ros/rosdistro/pull/38933,2
https://github.com/ros/rosdistro/pull/38924,1
https://github.com/ros/rosdistro/pull/38858,2
https://github.com/ros/rosdistro/pull/38843,1
https://github.com/ros/rosdistro/pull/38821,2
https://github.com/ros/rosdistro/pull/38816,2
https://github.com/ros/rosdistro/pull/38801,3
https://github.com/ros/rosdistro/pull/38754,2
https://github.com/ros/rosdistro/pull/38577,0
https://github.com/ros/rosdistro/pull/38546,2
https://github.com/ros/rosdistro/pull/38543,1
https://github.com/ros/rosdistro/pull/38540,2
https://github.com/ros/rosdistro/pull/38406,1
https://github.com/ros/rosdistro/pull/38383,1
https://github.com/ros/rosdistro/pull/38360,2
https://github.com/ros/rosdistro/pull/38353,1
https://github.com/ros/rosdistro/pull/38244,1
https://github.com/ros/rosdistro/pull/38239,2
https://github.com/ros/rosdistro/pull/38229,0
https://github.com/ros/rosdistro/pull/38228,0
https://github.com/ros/rosdistro/pull/38203,0
https://github.com/ros/rosdistro/pull/38202,2
https://github.com/ros/rosdistro/pull/38185,1
https://github.com/ros/rosdistro/pull/38180,4
https://github.com/ros/rosdistro/pull/38178,2
https://github.com/ros/rosdistro/pull/38148,1
https://github.com/ros/rosdistro/pull/38142,1
https://github.com/ros/rosdistro/pull/38136,1
https://github.com/ros/rosdistro/pull/38133,2
https://github.com/ros/rosdistro/pull/38119,3
https://github.com/ros/rosdistro/pull/38088,3
https://github.com/ros/rosdistro/pull/38066,3
https://github.com/ros/rosdistro/pull/38056,9
https://github.com/ros/rosdistro/pull/37908,0
https://github.com/ros/rosdistro/pull/37826,6
https://github.com/ros/rosdistro/pull/37824,1
https://github.com/ros/rosdistro/pull/37728,1
https://github.com/ros/rosdistro/pull/37726,1
https://github.com/ros/rosdistro/pull/37702,2
https://github.com/ros/rosdistro/pull/37661,1
https://github.com/ros/rosdistro/pull/37651,1
https://github.com/ros/rosdistro/pull/37626,2
https://github.com/ros/rosdistro/pull/37580,1
https://github.com/ros/rosdistro/pull/37549,1
https://github.com/ros/rosdistro/pull/37509,1
https://github.com/ros/rosdistro/pull/37485,2
https://github.com/ros/rosdistro/pull/37308,1
https://github.com/ros/rosdistro/pull/37254,4
https://github.com/ros/rosdistro/pull/37226,3
https://github.com/ros/rosdistro/pull/37218,2
https://github.com/ros/rosdistro/pull/37171,2
https://github.com/ros/rosdistro/pull/37167,4
https://github.com/ros/rosdistro/pull/37158,3
https://github.com/ros/rosdistro/pull/37139,5
https://github.com/ros/rosdistro/pull/37138,1
https://github.com/ros/rosdistro/pull/37095,2
https://github.com/ros/rosdistro/pull/37094,1
https://github.com/ros/rosdistro/pull/37014,2
https://github.com/ros/rosdistro/pull/36970,8
https://github.com/ros/rosdistro/pull/36948,1
https://github.com/ros/rosdistro/pull/36941,1
https://github.com/ros/rosdistro/pull/36891,0
https://github.com/ros/rosdistro/pull/36840,2
https://github.com/ros/rosdistro/pull/36802,1
https://github.com/ros/rosdistro/pull/36801,1
https://github.com/ros/rosdistro/pull/36798,1
https://github.com/ros/rosdistro/pull/36762,1
https://github.com/ros/rosdistro/pull/36753,3
https://github.com/ros/rosdistro/pull/36752,2
https://github.com/ros/rosdistro/pull/36751,1
https://github.com/ros/rosdistro/pull/36750,3
https://github.com/ros/rosdistro/pull/36747,5
https://github.com/ros/rosdistro/pull/36714,35
https://github.com/ros/rosdistro/pull/36704,1
https://github.com/ros/rosdistro/pull/36612,0
https://github.com/ros/rosdistro/pull/36603,1
https://github.com/ros/rosdistro/pull/36590,3
https://github.com/ros/rosdistro/pull/36561,4
https://github.com/ros/rosdistro/pull/36497,1
https://github.com/ros/rosdistro/pull/36474,1
https://github.com/ros/rosdistro/pull/36469,2
https://github.com/ros/rosdistro/pull/36451,1
https://github.com/ros/rosdistro/pull/36417,0
https://github.com/ros/rosdistro/pull/36406,4
https://github.com/ros/rosdistro/pull/36324,1
https://github.com/ros/rosdistro/pull/36300,1
https://github.com/ros/rosdistro/pull/36290,1
https://github.com/ros/rosdistro/pull/36262,1
https://github.com/ros/rosdistro/pull/36222,4
https://github.com/ros/rosdistro/pull/36216,2
https://github.com/ros/rosdistro/pull/36164,2
https://github.com/ros/rosdistro/pull/36071,3
https://github.com/ros/rosdistro/pull/36052,2
https://github.com/ros/rosdistro/pull/36030,0
https://github.com/ros/rosdistro/pull/36016,2
https://github.com/ros/rosdistro/pull/35931,2
https://github.com/ros/rosdistro/pull/35852,6
https://github.com/ros/rosdistro/pull/35838,2
https://github.com/ros/rosdistro/pull/35827,2
https://github.com/ros/rosdistro/pull/35815,1
https://github.com/ros/rosdistro/pull/35789,3
https://github.com/ros/rosdistro/pull/35708,4
https://github.com/ros/rosdistro/pull/35688,1
https://github.com/ros/rosdistro/pull/35671,4
https://github.com/ros/rosdistro/pull/35657,3
https://github.com/ros/rosdistro/pull/35519,1
https://github.com/ros/rosdistro/pull/35491,5
https://github.com/ros/rosdistro/pull/35489,0
https://github.com/ros/rosdistro/pull/35458,4
https://github.com/ros/rosdistro/pull/35453,2
https://github.com/ros/rosdistro/pull/35438,2
https://github.com/ros/rosdistro/pull/35420,1
https://github.com/ros/rosdistro/pull/35387,0
https://github.com/ros/rosdistro/pull/35374,0
https://github.com/ros/rosdistro/pull/35326,1
https://github.com/ros/rosdistro/pull/35302,1
https://github.com/ros/rosdistro/pull/35289,12
https://github.com/ros/rosdistro/pull/35284,1
https://github.com/ros/rosdistro/pull/35197,8
https://github.com/ros/rosdistro/pull/35193,1
https://github.com/ros/rosdistro/pull/35110,1
https://github.com/ros/rosdistro/pull/35106,5
https://github.com/ros/rosdistro/pull/35007,2
https://github.com/ros/rosdistro/pull/34978,6
https://github.com/ros/rosdistro/pull/34963,5
https://github.com/ros/rosdistro/pull/34956,0
https://github.com/ros/rosdistro/pull/34952,0
https://github.com/ros/rosdistro/pull/34853,1
https://github.com/ros/rosdistro/pull/34831,0
https://github.com/ros/rosdistro/pull/34818,0
https://github.com/ros/rosdistro/pull/34817,0
https://github.com/ros/rosdistro/pull/34797,1
https://github.com/ros/rosdistro/pull/34796,2
https://github.com/ros/rosdistro/pull/34786,7
https://github.com/ros/rosdistro/pull/34772,0
https://github.com/ros/rosdistro/pull/34703,1
https://github.com/ros/rosdistro/pull/34616,3
https://github.com/ros/rosdistro/pull/34462,1
https://github.com/ros/rosdistro/pull/34443,1
https://github.com/ros/rosdistro/pull/34442,2
https://github.com/ros/rosdistro/pull/34433,4
https://github.com/ros/rosdistro/pull/34313,1
https://github.com/ros/rosdistro/pull/34293,1
https://github.com/ros/rosdistro/pull/34273,5
https://github.com/ros/rosdistro/pull/34254,1
https://github.com/ros/rosdistro/pull/34253,1
https://github.com/ros/rosdistro/pull/34247,1
https://github.com/ros/rosdistro/pull/34246,1
https://github.com/ros/rosdistro/pull/34243,1
https://github.com/ros/rosdistro/pull/34205,3
https://github.com/ros/rosdistro/pull/34204,1
https://github.com/ros/rosdistro/pull/34200,0
https://github.com/ros/rosdistro/pull/34177,1
https://github.com/ros/rosdistro/pull/34093,1
https://github.com/ros/rosdistro/pull/33996,5
https://github.com/ros/rosdistro/pull/33988,2
https://github.com/ros/rosdistro/pull/33894,2
https://github.com/ros/rosdistro/pull/33877,0
https://github.com/ros/rosdistro/pull/33824,1
https://github.com/ros/rosdistro/pull/33810,1
https://github.com/ros/rosdistro/pull/33791,7
https://github.com/ros/rosdistro/pull/33788,1
https://github.com/ros/rosdistro/pull/33783,0
https://github.com/ros/rosdistro/pull/33726,3
https://github.com/ros/rosdistro/pull/33717,1
https://github.com/ros/rosdistro/pull/33699,0
https://github.com/ros/rosdistro/pull/33681,3
https://github.com/ros/rosdistro/pull/33679,1
https://github.com/ros/rosdistro/pull/33678,1
https://github.com/ros/rosdistro/pull/33516,4
https://github.com/ros/rosdistro/pull/33405,5
https://github.com/ros/rosdistro/pull/33403,1
https://github.com/ros/rosdistro/pull/33266,0
https://github.com/ros/rosdistro/pull/33248,4
https://github.com/ros/rosdistro/pull/33225,2
https://github.com/ros/rosdistro/pull/33110,7
https://github.com/ros/rosdistro/pull/33106,1
https://github.com/ros/rosdistro/pull/33091,1
https://github.com/ros/rosdistro/pull/33017,10
https://github.com/ros/rosdistro/pull/32910,1
https://github.com/ros/rosdistro/pull/32898,2
https://github.com/ros/rosdistro/pull/32897,0
https://github.com/ros/rosdistro/pull/32876,4
https://github.com/ros/rosdistro/pull/32838,2
https://github.com/ros/rosdistro/pull/32792,2
https://github.com/ros/rosdistro/pull/32780,2
https://github.com/ros/rosdistro/pull/32748,1
https://github.com/ros/rosdistro/pull/32702,1
https://github.com/ros/rosdistro/pull/32698,2
https://github.com/ros/rosdistro/pull/32683,3
https://github.com/ros/rosdistro/pull/32533,3
https://github.com/ros/rosdistro/pull/32532,0
https://github.com/ros/rosdistro/pull/32508,7
https://github.com/ros/rosdistro/pull/32499,2
https://github.com/ros/rosdistro/pull/32481,2
https://github.com/ros/rosdistro/pull/32470,1
https://github.com/ros/rosdistro/pull/32469,2
https://github.com/ros/rosdistro/pull/32430,3
https://github.com/ros/rosdistro/pull/32384,3
https://github.com/ros/rosdistro/pull/32307,0
https://github.com/ros/rosdistro/pull/32306,2
https://github.com/ros/rosdistro/pull/32274,2
https://github.com/ros/rosdistro/pull/32259,2
https://github.com/ros/rosdistro/pull/32226,1
https://github.com/ros/rosdistro/pull/32175,6
https://github.com/ros/rosdistro/pull/32091,1
https://github.com/ros/rosdistro/pull/32045,0
https://github.com/ros/rosdistro/pull/32010,5
https://github.com/ros/rosdistro/pull/32004,1
https://github.com/ros/rosdistro/pull/32002,1
https://github.com/ros/rosdistro/pull/31995,2
https://github.com/ros/rosdistro/pull/31932,3
https://github.com/ros/rosdistro/pull/31929,3
https://github.com/ros/rosdistro/pull/31735,16
https://github.com/ros/rosdistro/pull/31699,3
https://github.com/ros/rosdistro/pull/31697,0
https://github.com/ros/rosdistro/pull/31654,2
https://github.com/ros/rosdistro/pull/31624,4
https://github.com/ros/rosdistro/pull/31623,5
https://github.com/ros/rosdistro/pull/31615,0
https://github.com/ros/rosdistro/pull/31564,1
https://github.com/ros/rosdistro/pull/31561,3
https://github.com/ros/rosdistro/pull/31559,16
https://github.com/ros/rosdistro/pull/31527,1
https://github.com/ros/rosdistro/pull/31523,1
https://github.com/ros/rosdistro/pull/31512,2
https://github.com/ros/rosdistro/pull/31511,1
https://github.com/ros/rosdistro/pull/31488,2
https://github.com/ros/rosdistro/pull/31455,1
https://github.com/ros/rosdistro/pull/31454,1
https://github.com/ros/rosdistro/pull/31453,0
https://github.com/ros/rosdistro/pull/31452,0
https://github.com/ros/rosdistro/pull/31432,1
https://github.com/ros/rosdistro/pull/31412,1
https://github.com/ros/rosdistro/pull/31402,0
https://github.com/ros/rosdistro/pull/31394,1
https://github.com/ros/rosdistro/pull/31392,2
https://github.com/ros/rosdistro/pull/31348,1
https://github.com/ros/rosdistro/pull/31301,0
https://github.com/ros/rosdistro/pull/31300,0
https://github.com/ros/rosdistro/pull/31293,1
https://github.com/ros/rosdistro/pull/31263,1
https://github.com/ros/rosdistro/pull/31204,1
https://github.com/ros/rosdistro/pull/31201,3
https://github.com/ros/rosdistro/pull/31154,1
https://github.com/ros/rosdistro/pull/31151,1
https://github.com/ros/rosdistro/pull/31124,6
https://github.com/ros/rosdistro/pull/31013,2
https://github.com/ros/rosdistro/pull/30990,0
https://github.com/ros/rosdistro/pull/30975,15
https://github.com/ros/rosdistro/pull/30967,10
https://github.com/ros/rosdistro/pull/30940,1
https://github.com/ros/rosdistro/pull/30935,3
https://github.com/ros/rosdistro/pull/30901,3
https://github.com/ros/rosdistro/pull/30871,0
https://github.com/ros/rosdistro/pull/30769,7
https://github.com/ros/rosdistro/pull/30763,2
https://github.com/ros/rosdistro/pull/30761,3
https://github.com/ros/rosdistro/pull/30756,2
https://github.com/ros/rosdistro/pull/30751,1
https://github.com/ros/rosdistro/pull/30680,1
https://github.com/ros/rosdistro/pull/30612,1
https://github.com/ros/rosdistro/pull/30590,2
https://github.com/ros/rosdistro/pull/30589,2
https://github.com/ros/rosdistro/pull/30586,3
https://github.com/ros/rosdistro/pull/30577,3
https://github.com/ros/rosdistro/pull/30576,3
https://github.com/ros/rosdistro/pull/30575,3
https://github.com/ros/rosdistro/pull/30574,4
https://github.com/ros/rosdistro/pull/30505,2
https://github.com/ros/rosdistro/pull/30474,3
https://github.com/ros/rosdistro/pull/30455,1
https://github.com/ros/rosdistro/pull/30454,1
https://github.com/ros/rosdistro/pull/30451,2
https://github.com/ros/rosdistro/pull/30435,1
https://github.com/ros/rosdistro/pull/30409,4
https://github.com/ros/rosdistro/pull/30395,1
https://github.com/ros/rosdistro/pull/30394,2
https://github.com/ros/rosdistro/pull/30358,2
https://github.com/ros/rosdistro/pull/30345,5
https://github.com/ros/rosdistro/pull/30319,0
https://github.com/ros/rosdistro/pull/30314,4
https://github.com/ros/rosdistro/pull/30310,0
https://github.com/ros/rosdistro/pull/30308,2
https://github.com/ros/rosdistro/pull/30170,1
https://github.com/ros/rosdistro/pull/30112,1
https://github.com/ros/rosdistro/pull/30037,0
https://github.com/ros/rosdistro/pull/30036,1
https://github.com/ros/rosdistro/pull/30035,0
https://github.com/ros/rosdistro/pull/30034,0
https://github.com/ros/rosdistro/pull/30023,0
https://github.com/ros/rosdistro/pull/30012,1
https://github.com/ros/rosdistro/pull/29994,3
https://github.com/ros/rosdistro/pull/29935,0
https://github.com/ros/rosdistro/pull/29862,3
https://github.com/ros/rosdistro/pull/29822,1
https://github.com/ros/rosdistro/pull/29821,2
https://github.com/ros/rosdistro/pull/29809,1
https://github.com/ros/rosdistro/pull/29808,1
https://github.com/ros/rosdistro/pull/29805,1
https://github.com/ros/rosdistro/pull/29778,2
https://github.com/ros/rosdistro/pull/29721,0
https://github.com/ros/rosdistro/pull/29703,1
https://github.com/ros/rosdistro/pull/29663,1
https://github.com/ros/rosdistro/pull/29642,0
https://github.com/ros/rosdistro/pull/29641,0
https://github.com/ros/rosdistro/pull/29640,0
https://github.com/ros/rosdistro/pull/29620,1
https://github.com/ros/rosdistro/pull/29619,1
https://github.com/ros/rosdistro/pull/29587,3
https://github.com/ros/rosdistro/pull/29578,0
https://github.com/ros/rosdistro/pull/29571,1
https://github.com/ros/rosdistro/pull/29534,1
https://github.com/ros/rosdistro/pull/29514,3
https://github.com/ros/rosdistro/pull/29508,0
https://github.com/ros/rosdistro/pull/29496,1
https://github.com/ros/rosdistro/pull/29494,0
https://github.com/ros/rosdistro/pull/29459,1
https://github.com/ros/rosdistro/pull/29458,0
https://github.com/ros/rosdistro/pull/29431,2
https://github.com/ros/rosdistro/pull/29426,2
https://github.com/ros/rosdistro/pull/29423,2
https://github.com/ros/rosdistro/pull/29381,1
https://github.com/ros/rosdistro/pull/29380,0
https://github.com/ros/rosdistro/pull/29356,1
https://github.com/ros/rosdistro/pull/29318,2
https://github.com/ros/rosdistro/pull/29316,1
https://github.com/ros/rosdistro/pull/29187,2
https://github.com/ros/rosdistro/pull/29123,2
https://github.com/ros/rosdistro/pull/29086,2
https://github.com/ros/rosdistro/pull/29081,1
https://github.com/ros/rosdistro/pull/29070,3
https://github.com/ros/rosdistro/pull/29030,0
https://github.com/ros/rosdistro/pull/29019,2
https://github.com/ros/rosdistro/pull/28952,5
https://github.com/ros/rosdistro/pull/28939,4
https://github.com/ros/rosdistro/pull/28923,1
https://github.com/ros/rosdistro/pull/28854,1
https://github.com/ros/rosdistro/pull/28830,2
https://github.com/ros/rosdistro/pull/28817,5
https://github.com/ros/rosdistro/pull/28802,1
https://github.com/ros/rosdistro/pull/28794,7
https://github.com/ros/rosdistro/pull/28676,0
https://github.com/ros/rosdistro/pull/28642,3
https://github.com/ros/rosdistro/pull/28603,1
https://github.com/ros/rosdistro/pull/28599,1
https://github.com/ros/rosdistro/pull/28563,6
https://github.com/ros/rosdistro/pull/28547,0
https://github.com/ros/rosdistro/pull/28495,1
https://github.com/ros/rosdistro/pull/28473,5
https://github.com/ros/rosdistro/pull/28461,1
https://github.com/ros/rosdistro/pull/28338,2
https://github.com/ros/rosdistro/pull/28318,2
https://github.com/ros/rosdistro/pull/28312,0
https://github.com/ros/rosdistro/pull/28296,4
https://github.com/ros/rosdistro/pull/28293,0
https://github.com/ros/rosdistro/pull/28289,0
https://github.com/ros/rosdistro/pull/28286,0
https://github.com/ros/rosdistro/pull/28285,1
https://github.com/ros/rosdistro/pull/28283,3
https://github.com/ros/rosdistro/pull/28282,2
https://github.com/ros/rosdistro/pull/28280,1
https://github.com/ros/rosdistro/pull/28279,0
https://github.com/ros/rosdistro/pull/28277,0
https://github.com/ros/rosdistro/pull/28275,0
https://github.com/ros/rosdistro/pull/28160,1
https://github.com/ros/rosdistro/pull/28148,3
https://github.com/ros/rosdistro/pull/28065,2
https://github.com/ros/rosdistro/pull/28056,1
https://github.com/ros/rosdistro/pull/28053,0
https://github.com/ros/rosdistro/pull/28036,0
https://github.com/ros/rosdistro/pull/28034,0
https://github.com/ros/rosdistro/pull/28001,1
https://github.com/ros/rosdistro/pull/27990,2
https://github.com/ros/rosdistro/pull/27986,5
https://github.com/ros/rosdistro/pull/27984,0
https://github.com/ros/rosdistro/pull/27976,2
https://github.com/ros/rosdistro/pull/27970,1
https://github.com/ros/rosdistro/pull/27964,1
https://github.com/ros/rosdistro/pull/27930,1
https://github.com/ros/rosdistro/pull/27881,1
https://github.com/ros/rosdistro/pull/27852,8
https://github.com/ros/rosdistro/pull/27826,0
https://github.com/ros/rosdistro/pull/27819,3
https://github.com/ros/rosdistro/pull/27782,3
https://github.com/ros/rosdistro/pull/27780,0
https://github.com/ros/rosdistro/pull/27768,1
https://github.com/ros/rosdistro/pull/27702,2
https://github.com/ros/rosdistro/pull/27641,2
https://github.com/ros/rosdistro/pull/27623,7
https://github.com/ros/rosdistro/pull/27597,2
https://github.com/ros/rosdistro/pull/27583,2
https://github.com/ros/rosdistro/pull/27580,3
https://github.com/ros/rosdistro/pull/27499,5
https://github.com/ros/rosdistro/pull/27498,7
https://github.com/ros/rosdistro/pull/27488,2
https://github.com/ros/rosdistro/pull/27395,0
https://github.com/ros/rosdistro/pull/27390,3
https://github.com/ros/rosdistro/pull/27278,0
https://github.com/ros/rosdistro/pull/27243,2
https://github.com/ros/rosdistro/pull/27195,5
https://github.com/ros/rosdistro/pull/27189,0
https://github.com/ros/rosdistro/pull/27038,2
https://github.com/ros/rosdistro/pull/27037,1
https://github.com/ros/rosdistro/pull/27017,2
https://github.com/ros/rosdistro/pull/26953,1
https://github.com/ros/rosdistro/pull/26942,0
https://github.com/ros/rosdistro/pull/26939,0
https://github.com/ros/rosdistro/pull/26922,3
https://github.com/ros/rosdistro/pull/26826,0
https://github.com/ros/rosdistro/pull/26814,1
https://github.com/ros/rosdistro/pull/26779,1
https://github.com/ros/rosdistro/pull/26778,1
https://github.com/ros/rosdistro/pull/26769,1
https://github.com/ros/rosdistro/pull/26768,2
https://github.com/ros/rosdistro/pull/26754,2
https://github.com/ros/rosdistro/pull/26699,2
https://github.com/ros/rosdistro/pull/26694,0
https://github.com/ros/rosdistro/pull/26683,4
https://github.com/ros/rosdistro/pull/26619,0
https://github.com/ros/rosdistro/pull/26586,1
https://github.com/ros/rosdistro/pull/26574,8
https://github.com/ros/rosdistro/pull/26570,0
https://github.com/ros/rosdistro/pull/26551,2
https://github.com/ros/rosdistro/pull/26504,0
https://github.com/ros/rosdistro/pull/26446,1
https://github.com/ros/rosdistro/pull/26328,3
https://github.com/ros/rosdistro/pull/26325,1
https://github.com/ros/rosdistro/pull/26308,1
https://github.com/ros/rosdistro/pull/26226,2
https://github.com/ros/rosdistro/pull/26215,4
https://github.com/ros/rosdistro/pull/26188,0
https://github.com/ros/rosdistro/pull/26143,4
https://github.com/ros/rosdistro/pull/26056,1
https://github.com/ros/rosdistro/pull/25995,1
https://github.com/ros/rosdistro/pull/25988,1
https://github.com/ros/rosdistro/pull/25933,0
https://github.com/ros/rosdistro/pull/25920,3
https://github.com/ros/rosdistro/pull/25900,0
https://github.com/ros/rosdistro/pull/25892,2
https://github.com/ros/rosdistro/pull/25863,0
https://github.com/ros/rosdistro/pull/25761,1
https://github.com/ros/rosdistro/pull/25757,2
https://github.com/ros/rosdistro/pull/25736,1
https://github.com/ros/rosdistro/pull/25718,1
https://github.com/ros/rosdistro/pull/25689,1
https://github.com/ros/rosdistro/pull/25617,3
https://github.com/ros/rosdistro/pull/25610,3
https://github.com/ros/rosdistro/pull/25596,2
https://github.com/ros/rosdistro/pull/25556,2
https://github.com/ros/rosdistro/pull/25541,2
https://github.com/ros/rosdistro/pull/25533,1
https://github.com/ros/rosdistro/pull/25503,1
https://github.com/ros/rosdistro/pull/25482,3
https://github.com/ros/rosdistro/pull/25474,3
https://github.com/ros/rosdistro/pull/25418,0
https://github.com/ros/rosdistro/pull/25377,1
https://github.com/ros/rosdistro/pull/25370,1
https://github.com/ros/rosdistro/pull/25369,1
https://github.com/ros/rosdistro/pull/25296,3
https://github.com/ros/rosdistro/pull/25263,1
https://github.com/ros/rosdistro/pull/25257,1
https://github.com/ros/rosdistro/pull/25204,1
https://github.com/ros/rosdistro/pull/25192,0
https://github.com/ros/rosdistro/pull/25173,1
https://github.com/ros/rosdistro/pull/25170,2
https://github.com/ros/rosdistro/pull/25140,1
https://github.com/ros/rosdistro/pull/25120,2
https://github.com/ros/rosdistro/pull/25075,2
https://github.com/ros/rosdistro/pull/25055,4
https://github.com/ros/rosdistro/pull/25054,0
https://github.com/ros/rosdistro/pull/25053,0
https://github.com/ros/rosdistro/pull/24982,1
https://github.com/ros/rosdistro/pull/24954,2
https://github.com/ros/rosdistro/pull/24934,5
https://github.com/ros/rosdistro/pull/24916,1
https://github.com/ros/rosdistro/pull/24802,1
https://github.com/ros/rosdistro/pull/24773,1
https://github.com/ros/rosdistro/pull/24762,1
https://github.com/ros/rosdistro/pull/24743,3
https://github.com/ros/rosdistro/pull/24742,1
https://github.com/ros/rosdistro/pull/24741,1
https://github.com/ros/rosdistro/pull/24725,3
https://github.com/ros/rosdistro/pull/24699,1
https://github.com/ros/rosdistro/pull/24692,0
https://github.com/ros/rosdistro/pull/24685,4
https://github.com/ros/rosdistro/pull/24677,0
https://github.com/ros/rosdistro/pull/24627,1
https://github.com/ros/rosdistro/pull/24623,2
https://github.com/ros/rosdistro/pull/24539,2
https://github.com/ros/rosdistro/pull/24527,0
https://github.com/ros/rosdistro/pull/24526,0
https://github.com/ros/rosdistro/pull/24447,2
https://github.com/ros/rosdistro/pull/24432,6
https://github.com/ros/rosdistro/pull/24423,1
https://github.com/ros/rosdistro/pull/24421,2
https://github.com/ros/rosdistro/pull/24416,1
https://github.com/ros/rosdistro/pull/24414,2
https://github.com/ros/rosdistro/pull/24346,2
https://github.com/ros/rosdistro/pull/24340,2
https://github.com/ros/rosdistro/pull/24331,2
https://github.com/ros/rosdistro/pull/24294,1
https://github.com/ros/rosdistro/pull/24292,5
https://github.com/ros/rosdistro/pull/24276,1
https://github.com/ros/rosdistro/pull/24275,1
https://github.com/ros/rosdistro/pull/24193,1
https://github.com/ros/rosdistro/pull/24171,3
https://github.com/ros/rosdistro/pull/24164,0
https://github.com/ros/rosdistro/pull/24097,6
https://github.com/ros/rosdistro/pull/24096,0
https://github.com/ros/rosdistro/pull/24074,1
https://github.com/ros/rosdistro/pull/24054,1
https://github.com/ros/rosdistro/pull/24023,0
https://github.com/ros/rosdistro/pull/24019,3
https://github.com/ros/rosdistro/pull/24005,1
https://github.com/ros/rosdistro/pull/23996,1
https://github.com/ros/rosdistro/pull/23973,1
https://github.com/ros/rosdistro/pull/23967,2
https://github.com/ros/rosdistro/pull/23966,0
https://github.com/ros/rosdistro/pull/23934,1
https://github.com/ros/rosdistro/pull/23911,0
https://github.com/ros/rosdistro/pull/23844,1
https://github.com/ros/rosdistro/pull/23841,2
https://github.com/ros/rosdistro/pull/23793,2
https://github.com/ros/rosdistro/pull/23730,0
https://github.com/ros/rosdistro/pull/23706,1
https://github.com/ros/rosdistro/pull/23682,1
https://github.com/ros/rosdistro/pull/23663,0
https://github.com/ros/rosdistro/pull/23656,0
https://github.com/ros/rosdistro/pull/23646,3
https://github.com/ros/rosdistro/pull/23624,2
https://github.com/ros/rosdistro/pull/23622,1
https://github.com/ros/rosdistro/pull/23620,1
https://github.com/ros/rosdistro/pull/23532,1
https://github.com/ros/rosdistro/pull/23528,1
https://github.com/ros/rosdistro/pull/23525,1
https://github.com/ros/rosdistro/pull/23497,1
https://github.com/ros/rosdistro/pull/23470,0
https://github.com/ros/rosdistro/pull/23401,0
https://github.com/ros/rosdistro/pull/23352,1
https://github.com/ros/rosdistro/pull/23346,0
https://github.com/ros/rosdistro/pull/23334,1
https://github.com/ros/rosdistro/pull/23307,3
https://github.com/ros/rosdistro/pull/23169,1
https://github.com/ros/rosdistro/pull/23163,1
https://github.com/ros/rosdistro/pull/23141,1
https://github.com/ros/rosdistro/pull/23137,0
https://github.com/ros/rosdistro/pull/23131,0
https://github.com/ros/rosdistro/pull/23117,2
https://github.com/ros/rosdistro/pull/23060,0
https://github.com/ros/rosdistro/pull/22959,0
https://github.com/ros/rosdistro/pull/22822,6
https://github.com/ros/rosdistro/pull/22735,0
https://github.com/ros/rosdistro/pull/22725,0
https://github.com/ros/rosdistro/pull/22623,1
https://github.com/ros/rosdistro/pull/22264,1
https://github.com/ros/rosdistro/pull/22129,0
https://github.com/ros/rosdistro/pull/22028,1
https://github.com/ros/rosdistro/pull/22022,2
https://github.com/ros/rosdistro/pull/22011,3
https://github.com/ros/rosdistro/pull/21906,1
https://github.com/ros/rosdistro/pull/21847,0
https://github.com/ros/rosdistro/pull/21791,1
https://github.com/ros/rosdistro/pull/21680,0
https://github.com/ros/rosdistro/pull/21613,0
https://github.com/ros/rosdistro/pull/21570,1
https://github.com/ros/rosdistro/pull/21509,0
https://github.com/ros/rosdistro/pull/21462,0
https://github.com/ros/rosdistro/pull/21439,1
https://github.com/ros/rosdistro/pull/21335,0
https://github.com/ros/rosdistro/pull/21333,0
https://github.com/ros/rosdistro/pull/21332,2
https://github.com/ros/rosdistro/pull/21244,1
https://github.com/ros/rosdistro/pull/21239,2
https://github.com/ros/rosdistro/pull/21235,0
https://github.com/ros/rosdistro/pull/21229,0
https://github.com/ros/rosdistro/pull/21224,0
https://github.com/ros/rosdistro/pull/21222,4
https://github.com/ros/rosdistro/pull/21219,0
https://github.com/ros/rosdistro/pull/21216,1
https://github.com/ros/rosdistro/pull/21210,1
https://github.com/ros/rosdistro/pull/21209,0
https://github.com/ros/rosdistro/pull/21207,1
https://github.com/ros/rosdistro/pull/21206,1
https://github.com/ros/rosdistro/pull/21205,1
https://github.com/ros/rosdistro/pull/21204,1
https://github.com/ros/rosdistro/pull/21203,3
https://github.com/ros/rosdistro/pull/21202,3
https://github.com/ros/rosdistro/pull/21105,0
https://github.com/ros/rosdistro/pull/21104,1
https://github.com/ros/rosdistro/pull/21095,1
https://github.com/ros/rosdistro/pull/21034,0
https://github.com/ros/rosdistro/pull/21024,2
https://github.com/ros/rosdistro/pull/21020,0
https://github.com/ros/rosdistro/pull/20999,1
https://github.com/ros/rosdistro/pull/20998,1
https://github.com/ros/rosdistro/pull/20955,2
https://github.com/ros/rosdistro/pull/20946,1
https://github.com/ros/rosdistro/pull/20944,1
https://github.com/ros/rosdistro/pull/20788,1
https://github.com/ros/rosdistro/pull/20781,3
https://github.com/ros/rosdistro/pull/20779,2
https://github.com/ros/rosdistro/pull/20763,1
https://github.com/ros/rosdistro/pull/20643,1
https://github.com/ros/rosdistro/pull/20642,1
https://github.com/ros/rosdistro/pull/20608,0
https://github.com/ros/rosdistro/pull/20590,2
https://github.com/ros/rosdistro/pull/20586,2
https://github.com/ros/rosdistro/pull/20492,2
https://github.com/ros/rosdistro/pull/20491,0
https://github.com/ros/rosdistro/pull/20466,0
https://github.com/ros/rosdistro/pull/20461,2
https://github.com/ros/rosdistro/pull/20438,0
https://github.com/ros/rosdistro/pull/20426,0
https://github.com/ros/rosdistro/pull/20339,3
https://github.com/ros/rosdistro/pull/20298,0
https://github.com/ros/rosdistro/pull/20099,0
https://github.com/ros/rosdistro/pull/20002,0
https://github.com/ros/rosdistro/pull/19994,0
https://github.com/ros/rosdistro/pull/19976,0
https://github.com/ros/rosdistro/pull/19965,0
https://github.com/ros/rosdistro/pull/19944,0
https://github.com/ros/rosdistro/pull/19914,0
