pr_url,comments_cnt_dict
https://github.com/ros/rosdistro/pull/42740,{}
https://github.com/ros/rosdistro/pull/42561,"{""clalancette"": 1}"
https://github.com/ros/rosdistro/pull/32380,{}
https://github.com/ros/rosdistro/pull/29176,"{""nuclearsandwich"": 3, ""chapulina"": 1}"
https://github.com/ros/rosdistro/pull/29035,"{""cottsay"": 1}"
https://github.com/ros/rosdistro/pull/26642,"{""wjwwood"": 1}"
https://github.com/ros/rosdistro/pull/26487,"{""ivanpauno"": 2}"
https://github.com/ros/rosdistro/pull/21649,"{""nuclearsandwich"": 2, ""herb-kuta-lge"": 2}"
https://github.com/ros/rosdistro/pull/20738,"{""nuclearsandwich"": 3, ""Tiryoh"": 2, ""tfoote"": 1}"
https://github.com/ros/rosdistro/pull/20474,{}
https://github.com/ros/rosdistro/pull/19567,"{""samuelba"": 4, ""tfoote"": 6, ""cottsay"": 3}"
https://github.com/ros/rosdistro/pull/18305,"{""mikaelarguedas"": 1}"
https://github.com/ros/rosdistro/pull/15567,"{""dirk-thomas"": 1, ""cglwn"": 1, ""mikaelarguedas"": 1}"
https://github.com/ros/rosdistro/pull/12866,"{""tfoote"": 1}"
https://github.com/ros/rosdistro/pull/10586,"{""dirk-thomas"": 1, ""wjwwood"": 1}"
https://github.com/ros/rosdistro/pull/9571,"{""tfoote"": 1}"
https://github.com/ros/rosdistro/pull/45554,"{""github-actions[bot]"": 4, ""sloretz"": 1}"
https://github.com/ros/rosdistro/pull/45387,"{""github-actions[bot]"": 2, ""wentasah"": 1}"
https://github.com/ros/rosdistro/pull/45319,"{""github-actions[bot]"": 2}"
https://github.com/ros/rosdistro/pull/45318,"{""github-actions[bot]"": 1}"
https://github.com/ros/rosdistro/pull/45317,"{""github-actions[bot]"": 1}"
https://github.com/ros/rosdistro/pull/45314,"{""github-actions[bot]"": 1}"
https://github.com/ros/rosdistro/pull/45313,"{""github-actions[bot]"": 1}"
https://github.com/ros/rosdistro/pull/45312,"{""github-actions[bot]"": 1}"
https://github.com/ros/rosdistro/pull/45311,"{""github-actions[bot]"": 1}"
https://github.com/ros/rosdistro/pull/45310,"{""github-actions[bot]"": 1}"
https://github.com/ros/rosdistro/pull/45309,"{""github-actions[bot]"": 1}"
https://github.com/ros/rosdistro/pull/45307,"{""github-actions[bot]"": 1}"
https://github.com/ros/rosdistro/pull/45306,"{""github-actions[bot]"": 8}"
https://github.com/ros/rosdistro/pull/45277,"{""github-actions[bot]"": 3, ""mjcarroll"": 1, ""Tacha-S"": 1}"
https://github.com/ros/rosdistro/pull/45169,"{""github-actions[bot]"": 2, ""nikosmitrop1995"": 1}"
https://github.com/ros/rosdistro/pull/45168,"{""github-actions[bot]"": 1}"
https://github.com/ros/rosdistro/pull/45167,"{""github-actions[bot]"": 2, ""marcoag"": 1, ""mqcmd196"": 1}"
https://github.com/ros/rosdistro/pull/45164,"{""github-actions[bot]"": 3, ""otamachan"": 1, ""sloretz"": 1}"
https://github.com/ros/rosdistro/pull/45115,"{""github-actions[bot]"": 3}"
https://github.com/ros/rosdistro/pull/45085,"{""github-actions[bot]"": 14, ""sloretz"": 3}"
https://github.com/ros/rosdistro/pull/45084,"{""github-actions[bot]"": 12, ""marcoag"": 3, ""mjcarroll"": 1, ""emersonknapp"": 3}"
https://github.com/ros/rosdistro/pull/45035,"{""github-actions[bot]"": 9, ""omarzayedbeshir"": 1, ""cottsay"": 1, ""emersonknapp"": 1, ""wjwwood"": 1}"
https://github.com/ros/rosdistro/pull/44989,"{""github-actions[bot]"": 4, ""wjwwood"": 1}"
https://github.com/ros/rosdistro/pull/44988,"{""github-actions[bot]"": 3, ""wjwwood"": 1}"
https://github.com/ros/rosdistro/pull/44984,"{""cadmus-to"": 1, ""github-actions[bot]"": 5, ""wjwwood"": 1}"
https://github.com/ros/rosdistro/pull/44942,"{""github-actions[bot]"": 1, ""sloretz"": 2, ""stergiosba"": 6, ""ros-discourse"": 1}"
https://github.com/ros/rosdistro/pull/44920,"{""github-actions[bot]"": 1, ""christophebedard"": 3, ""stergiosba"": 2, ""sloretz"": 1}"
https://github.com/ros/rosdistro/pull/44918,"{""github-actions[bot]"": 18, ""lobolanja"": 10, ""mjcarroll"": 4, ""nuclearsandwich"": 4, ""nuclearsandwich-ai"": 1}"
https://github.com/ros/rosdistro/pull/44839,"{""github-actions[bot]"": 3, ""mqcmd196"": 1, ""christophebedard"": 3}"
https://github.com/ros/rosdistro/pull/44829,"{""github-actions[bot]"": 1, ""christophebedard"": 1}"
https://github.com/ros/rosdistro/pull/44759,"{""github-actions[bot]"": 2}"
https://github.com/ros/rosdistro/pull/44757,"{""github-actions[bot]"": 2, ""christophebedard"": 3, ""arekin19"": 1}"
https://github.com/ros/rosdistro/pull/44743,"{""github-actions[bot]"": 2, ""tonybaltovski"": 3, ""cottsay"": 3, ""christophebedard"": 1}"
https://github.com/ros/rosdistro/pull/44741,"{""github-actions[bot]"": 2, ""christophebedard"": 3, ""vsevolod-misiul"": 1}"
https://github.com/ros/rosdistro/pull/44705,"{""github-actions[bot]"": 2, ""peci1"": 1, ""christophebedard"": 2}"
https://github.com/ros/rosdistro/pull/44672,"{""github-actions[bot]"": 5, ""christophebedard"": 1, ""mjcarroll"": 1, ""emersonknapp"": 2}"
https://github.com/ros/rosdistro/pull/44654,"{""github-actions[bot]"": 4, ""Timple"": 3, ""christophebedard"": 2, ""cottsay"": 1}"
https://github.com/ros/rosdistro/pull/44653,"{""github-actions[bot]"": 2, ""wentasah"": 1}"
https://github.com/ros/rosdistro/pull/44652,"{""github-actions[bot]"": 2, ""baconbrot"": 1, ""christophebedard"": 1}"
https://github.com/ros/rosdistro/pull/44541,"{""github-actions[bot]"": 1}"
https://github.com/ros/rosdistro/pull/44508,"{""github-actions[bot]"": 2, ""cottsay"": 2}"
https://github.com/ros/rosdistro/pull/44501,"{""github-actions[bot]"": 2, ""MichaelOrlov"": 1, ""christianrauch"": 2, ""ros-discourse"": 1, ""cottsay"": 2}"
https://github.com/ros/rosdistro/pull/44427,"{""github-actions[bot]"": 2, ""MichaelOrlov"": 1, ""cottsay"": 1, ""aleph-ra"": 1}"
https://github.com/ros/rosdistro/pull/44420,"{""github-actions[bot]"": 1}"
https://github.com/ros/rosdistro/pull/44413,"{""github-actions[bot]"": 1, ""tgaspar"": 1, ""mjcarroll"": 1}"
https://github.com/ros/rosdistro/pull/44396,"{""github-actions[bot]"": 12, ""joram-berger"": 1, ""MichaelOrlov"": 1, ""cottsay"": 2}"
https://github.com/ros/rosdistro/pull/44327,"{""github-actions[bot]"": 2, ""mjcarroll"": 1, ""cottsay"": 1, ""Joschi3"": 1}"
https://github.com/ros/rosdistro/pull/44313,"{""github-actions[bot]"": 1}"
https://github.com/ros/rosdistro/pull/44305,"{""github-actions[bot]"": 3, ""baconbrot"": 3, ""cottsay"": 1}"
https://github.com/ros/rosdistro/pull/44301,"{""github-actions[bot]"": 8, ""mkabtoul"": 2, ""cottsay"": 1, ""tfoote"": 1}"
https://github.com/ros/rosdistro/pull/44277,"{""github-actions[bot]"": 1}"
https://github.com/ros/rosdistro/pull/44223,"{""github-actions[bot]"": 1}"
https://github.com/ros/rosdistro/pull/44181,"{""github-actions[bot]"": 3, ""clalancette"": 2}"
https://github.com/ros/rosdistro/pull/44166,"{""github-actions[bot]"": 5, ""ARK3r"": 1, ""clalancette"": 1}"
https://github.com/ros/rosdistro/pull/44122,"{""github-actions[bot]"": 1, ""christophebedard"": 1}"
https://github.com/ros/rosdistro/pull/44119,"{""github-actions[bot]"": 5, ""christophebedard"": 3, ""Tacha-S"": 4, ""clalancette"": 1}"
https://github.com/ros/rosdistro/pull/44039,"{""github-actions[bot]"": 2, ""clalancette"": 1}"
https://github.com/ros/rosdistro/pull/44038,"{""github-actions[bot]"": 1}"
https://github.com/ros/rosdistro/pull/44037,"{""github-actions[bot]"": 3}"
https://github.com/ros/rosdistro/pull/43942,"{""github-actions[bot]"": 5, ""robwoolley"": 7, ""Yadunund"": 1, ""cottsay"": 3}"
https://github.com/ros/rosdistro/pull/43904,"{""github-actions[bot]"": 3, ""rkent"": 1, ""nim65s"": 1, ""clalancette"": 2}"
https://github.com/ros/rosdistro/pull/43897,"{""github-actions[bot]"": 2, ""derme302"": 1}"
https://github.com/ros/rosdistro/pull/43860,"{""github-actions[bot]"": 2, ""MatthijsBurgh"": 1}"
https://github.com/ros/rosdistro/pull/43767,"{""github-actions[bot]"": 1, ""clalancette"": 2, ""cottsay"": 1}"
https://github.com/ros/rosdistro/pull/43756,"{""github-actions[bot]"": 1}"
https://github.com/ros/rosdistro/pull/43720,"{""github-actions[bot]"": 3}"
https://github.com/ros/rosdistro/pull/43622,"{""github-actions[bot]"": 1, ""mjcarroll"": 1}"
https://github.com/ros/rosdistro/pull/43539,"{""clalancette"": 1, ""severin-lemaignan"": 1, ""nuclearsandwich"": 1}"
https://github.com/ros/rosdistro/pull/43530,"{""peci1"": 3, ""mikeferguson"": 1}"
https://github.com/ros/rosdistro/pull/43517,"{""kjeremy"": 1}"
https://github.com/ros/rosdistro/pull/43511,"{""cottsay"": 2, ""sloretz"": 2}"
https://github.com/ros/rosdistro/pull/43502,"{""sloretz"": 2, ""galou"": 4, ""clalancette"": 3, ""github-actions[bot]"": 2}"
https://github.com/ros/rosdistro/pull/43500,"{""clalancette"": 2, ""cottsay"": 3, ""mikaelarguedas"": 2, ""nuclearsandwich"": 2}"
https://github.com/ros/rosdistro/pull/43485,"{""sloretz"": 1, ""fujitatomoya"": 1, ""Barry-Xu-2018"": 4, ""clalancette"": 2, ""nuclearsandwich"": 3, ""github-actions[bot]"": 4}"
https://github.com/ros/rosdistro/pull/43482,"{""sloretz"": 1, ""fujitatomoya"": 2, ""Barry-Xu-2018"": 1}"
https://github.com/ros/rosdistro/pull/43466,"{""sloretz"": 1}"
https://github.com/ros/rosdistro/pull/43463,"{""wjwwood"": 1, ""peci1"": 3, ""clalancette"": 3}"
https://github.com/ros/rosdistro/pull/43462,"{""wjwwood"": 1}"
https://github.com/ros/rosdistro/pull/43391,"{""clalancette"": 2, ""JafarAbdi"": 1}"
https://github.com/ros/rosdistro/pull/43386,"{""clalancette"": 1}"
https://github.com/ros/rosdistro/pull/43327,"{""BrunoB81HK"": 1, ""clalancette"": 4}"
https://github.com/ros/rosdistro/pull/43326,"{""cottsay"": 2, ""130s"": 1, ""wjwwood"": 1}"
https://github.com/ros/rosdistro/pull/43261,"{""reinzor"": 1}"
https://github.com/ros/rosdistro/pull/43254,"{""audrow"": 1}"
https://github.com/ros/rosdistro/pull/43253,"{""clalancette"": 1, ""github-actions[bot]"": 1, ""rafa-martin"": 1}"
https://github.com/ros/rosdistro/pull/43190,"{""github-actions[bot]"": 1, ""ruffsl"": 7, ""clalancette"": 3}"
https://github.com/ros/rosdistro/pull/43178,"{""clalancette"": 2, ""frankkusters"": 1}"
https://github.com/ros/rosdistro/pull/43173,"{""methylDragon"": 1, ""github-actions[bot]"": 1, ""pep248"": 1, ""agonzat"": 1, ""sloretz"": 1}"
https://github.com/ros/rosdistro/pull/43171,"{""clalancette"": 1, ""cottsay"": 1}"
https://github.com/ros/rosdistro/pull/43167,"{""clalancette"": 2}"
https://github.com/ros/rosdistro/pull/43023,"{""MichaelOrlov"": 5, ""kjeremy"": 3}"
https://github.com/ros/rosdistro/pull/43013,"{""MichaelOrlov"": 1}"
https://github.com/ros/rosdistro/pull/42870,"{""sloretz"": 2, ""severin-lemaignan"": 3}"
https://github.com/ros/rosdistro/pull/42841,"{""wentasah"": 1}"
https://github.com/ros/rosdistro/pull/42824,"{""wentasah"": 1}"
https://github.com/ros/rosdistro/pull/42823,"{""sloretz"": 2}"
https://github.com/ros/rosdistro/pull/42683,"{""mjcarroll"": 1}"
https://github.com/ros/rosdistro/pull/42667,"{""clalancette"": 1}"
https://github.com/ros/rosdistro/pull/42617,"{""clalancette"": 1}"
https://github.com/ros/rosdistro/pull/42483,"{""audrow"": 1, ""clalancette"": 2, ""130s"": 1}"
https://github.com/ros/rosdistro/pull/42464,"{""mjcarroll"": 1}"
https://github.com/ros/rosdistro/pull/42428,"{""clalancette"": 3, ""github-actions[bot]"": 1, ""sloretz"": 1}"
https://github.com/ros/rosdistro/pull/42353,"{""marcoag"": 2, ""clalancette"": 5, ""samyarsadat"": 4, ""alsora"": 1, ""github-actions[bot]"": 2, ""nuclearsandwich"": 3, ""cottsay"": 1, ""sloretz"": 1}"
https://github.com/ros/rosdistro/pull/42352,"{""marcoag"": 2, ""denseishin"": 1}"
https://github.com/ros/rosdistro/pull/42333,"{""sloretz"": 1}"
https://github.com/ros/rosdistro/pull/42315,"{""nuclearsandwich"": 1}"
https://github.com/ros/rosdistro/pull/42280,"{""mjcarroll"": 1}"
https://github.com/ros/rosdistro/pull/42206,"{""cottsay"": 2, ""clalancette"": 1}"
https://github.com/ros/rosdistro/pull/42205,"{""clalancette"": 1, ""sea-bass"": 1}"
https://github.com/ros/rosdistro/pull/42168,"{""danthony06"": 2}"
https://github.com/ros/rosdistro/pull/42144,"{""clalancette"": 1, ""jack-obrien"": 1}"
https://github.com/ros/rosdistro/pull/41981,"{""marcoag"": 1, ""bjsowa"": 1, ""kjeremy"": 1}"
https://github.com/ros/rosdistro/pull/41979,"{""mjcarroll"": 1, ""marcoag"": 1, ""clalancette"": 1}"
https://github.com/ros/rosdistro/pull/41977,"{""Yadunund"": 1, ""NoahMollerstuen"": 2, ""clalancette"": 2, ""marcoag"": 1}"
https://github.com/ros/rosdistro/pull/41961,"{""Yadunund"": 1}"
https://github.com/ros/rosdistro/pull/41960,"{""Yadunund"": 1}"
https://github.com/ros/rosdistro/pull/41947,"{""Yadunund"": 1}"
https://github.com/ros/rosdistro/pull/41887,"{""clalancette"": 1, ""bvsam"": 1}"
https://github.com/ros/rosdistro/pull/41741,"{""marcoag"": 2, ""StefanFabian"": 2}"
https://github.com/ros/rosdistro/pull/41623,"{""audrow"": 2, ""clalancette"": 2}"
https://github.com/ros/rosdistro/pull/41599,"{""patrickKXMD"": 2, ""clalancette"": 3}"
https://github.com/ros/rosdistro/pull/41591,"{""cottsay"": 1, ""christophebedard"": 2, ""clalancette"": 2}"
https://github.com/ros/rosdistro/pull/41578,"{""clalancette"": 1}"
https://github.com/ros/rosdistro/pull/41577,"{""wjwwood"": 1}"
https://github.com/ros/rosdistro/pull/41550,"{""clalancette"": 2, ""cottsay"": 1}"
https://github.com/ros/rosdistro/pull/41519,"{""frankkusters"": 1, ""clalancette"": 5}"
https://github.com/ros/rosdistro/pull/41466,"{""clalancette"": 1, ""mergify[bot]"": 1}"
https://github.com/ros/rosdistro/pull/41445,"{""clalancette"": 1, ""mergify[bot]"": 1}"
https://github.com/ros/rosdistro/pull/41432,"{""arjo129"": 2, ""sloretz"": 1, ""cottsay"": 2}"
https://github.com/ros/rosdistro/pull/41413,"{""nuclearsandwich"": 3, ""ruffsl"": 1}"
https://github.com/ros/rosdistro/pull/41390,"{""cottsay"": 1}"
https://github.com/ros/rosdistro/pull/41307,"{""mjcarroll"": 1}"
https://github.com/ros/rosdistro/pull/41305,"{""mjcarroll"": 2}"
https://github.com/ros/rosdistro/pull/41304,"{""StarDylan"": 1}"
https://github.com/ros/rosdistro/pull/41262,"{""cottsay"": 1}"
https://github.com/ros/rosdistro/pull/41254,"{""mjcarroll"": 2}"
https://github.com/ros/rosdistro/pull/41219,"{""mjcarroll"": 1, ""robot-dan"": 1, ""cottsay"": 1}"
https://github.com/ros/rosdistro/pull/41129,"{""rkoyama1623"": 4, ""cottsay"": 2}"
https://github.com/ros/rosdistro/pull/41102,"{""clalancette"": 1, ""cottsay"": 2, ""ahcorde"": 1, ""amalnanavati"": 1}"
https://github.com/ros/rosdistro/pull/41063,"{""nuclearsandwich"": 3}"
https://github.com/ros/rosdistro/pull/41062,"{""clalancette"": 1}"
https://github.com/ros/rosdistro/pull/41004,"{""cottsay"": 1, ""mikaelarguedas"": 1, ""nuclearsandwich"": 1}"
https://github.com/ros/rosdistro/pull/40865,"{""Timple"": 4, ""nuclearsandwich"": 1, ""clalancette"": 1, ""bjsowa"": 1}"
https://github.com/ros/rosdistro/pull/40861,"{""wentasah"": 1, ""nuclearsandwich"": 2}"
https://github.com/ros/rosdistro/pull/40834,"{""clalancette"": 8, ""SteveMacenski"": 8}"
https://github.com/ros/rosdistro/pull/40823,"{""clalancette"": 1, ""gentoo90"": 1}"
https://github.com/ros/rosdistro/pull/40809,"{""clalancette"": 3, ""hridaybavle"": 3, ""nuclearsandwich"": 4}"
https://github.com/ros/rosdistro/pull/40772,"{""clalancette"": 1, ""5730289021-NN"": 1}"
https://github.com/ros/rosdistro/pull/40750,"{""mjcarroll"": 1, ""peterdavidfagan"": 6, ""github-actions[bot]"": 1, ""clalancette"": 3, ""cottsay"": 1}"
https://github.com/ros/rosdistro/pull/40747,"{""sloretz"": 3, ""peterdavidfagan"": 9, ""clalancette"": 4}"
https://github.com/ros/rosdistro/pull/40651,"{""sloretz"": 2, ""InvincibleRMC"": 3, ""cottsay"": 4}"
https://github.com/ros/rosdistro/pull/40646,"{""robert-ros"": 1, ""sloretz"": 6, ""rafa-martin"": 5}"
https://github.com/ros/rosdistro/pull/40599,"{""mjcarroll"": 2, ""proffalken"": 3, ""sloretz"": 1, ""clalancette"": 1}"
https://github.com/ros/rosdistro/pull/40593,"{""mjcarroll"": 1}"
https://github.com/ros/rosdistro/pull/40564,"{""mjcarroll"": 1}"
https://github.com/ros/rosdistro/pull/40552,"{""mjcarroll"": 1}"
https://github.com/ros/rosdistro/pull/40543,"{""mjcarroll"": 1, ""sloretz"": 1, ""kbrameld"": 1}"
https://github.com/ros/rosdistro/pull/40529,"{""clalancette"": 2, ""dnikitop"": 1}"
https://github.com/ros/rosdistro/pull/40464,"{""nachovizzo"": 2, ""clalancette"": 3}"
https://github.com/ros/rosdistro/pull/40419,"{""sloretz"": 2, ""cottsay"": 2, ""clalancette"": 3, ""tfoote"": 1}"
https://github.com/ros/rosdistro/pull/40318,"{""sloretz"": 1}"
https://github.com/ros/rosdistro/pull/40304,"{""clalancette"": 2, ""azeey"": 1}"
https://github.com/ros/rosdistro/pull/40285,"{""clalancette"": 1, ""azeey"": 1}"
https://github.com/ros/rosdistro/pull/40284,"{""clalancette"": 3, ""azeey"": 2}"
https://github.com/ros/rosdistro/pull/40283,"{""clalancette"": 5, ""azeey"": 2}"
https://github.com/ros/rosdistro/pull/40281,"{""clalancette"": 1, ""azeey"": 1}"
https://github.com/ros/rosdistro/pull/40275,"{""jlblancoc"": 4, ""clalancette"": 3}"
https://github.com/ros/rosdistro/pull/40264,"{""clalancette"": 1, ""fbe555"": 1}"
https://github.com/ros/rosdistro/pull/40241,"{""sloretz"": 3, ""fbe555"": 3, ""clalancette"": 1}"
https://github.com/ros/rosdistro/pull/40208,"{""nuclearsandwich"": 1}"
https://github.com/ros/rosdistro/pull/40201,"{""audrow"": 1, ""gulbudakt"": 2, ""sloretz"": 2}"
https://github.com/ros/rosdistro/pull/40170,"{""clalancette"": 2, ""nikosmitrop1995"": 2}"
https://github.com/ros/rosdistro/pull/40105,"{""clalancette"": 1, ""cottsay"": 1}"
https://github.com/ros/rosdistro/pull/40012,"{""mjcarroll"": 3, ""ghost"": 1, ""cottsay"": 1, ""robwoolley"": 1}"
https://github.com/ros/rosdistro/pull/39906,"{""amalnanavati"": 1}"
https://github.com/ros/rosdistro/pull/39905,"{""amalnanavati"": 2, ""clalancette"": 2}"
https://github.com/ros/rosdistro/pull/39902,"{""clalancette"": 1}"
https://github.com/ros/rosdistro/pull/39868,"{""cottsay"": 1}"
https://github.com/ros/rosdistro/pull/39858,"{""cottsay"": 1}"
https://github.com/ros/rosdistro/pull/39791,"{""audrow"": 1, ""satoshi-ota"": 2, ""esteve"": 1, ""clalancette"": 1}"
https://github.com/ros/rosdistro/pull/39768,"{""nuclearsandwich"": 2, ""cottsay"": 4, ""j-rivero"": 3, ""github-actions[bot]"": 1}"
https://github.com/ros/rosdistro/pull/39712,"{""vicmassy"": 1, ""clalancette"": 4}"
https://github.com/ros/rosdistro/pull/39705,"{""esteve"": 1}"
https://github.com/ros/rosdistro/pull/39702,"{""clalancette"": 1}"
https://github.com/ros/rosdistro/pull/39543,"{""tfoote"": 1}"
https://github.com/ros/rosdistro/pull/39512,"{""mjcarroll"": 1, ""j-rivero"": 1, ""gentoo90"": 5, ""github-actions[bot]"": 2, ""cottsay"": 2}"
https://github.com/ros/rosdistro/pull/39400,"{""clalancette"": 8, ""l-schilling"": 2}"
https://github.com/ros/rosdistro/pull/39399,"{""wep21"": 2, ""clalancette"": 3}"
https://github.com/ros/rosdistro/pull/39395,"{""magladko"": 1, ""clalancette"": 6}"
https://github.com/ros/rosdistro/pull/39306,"{""sloretz"": 2, ""belem2050"": 1}"
https://github.com/ros/rosdistro/pull/39236,"{""audrow"": 1, ""m-elwin"": 4, ""nuclearsandwich"": 3, ""cottsay"": 1, ""clalancette"": 2}"
https://github.com/ros/rosdistro/pull/39203,"{""nuclearsandwich"": 2}"
https://github.com/ros/rosdistro/pull/39172,"{""cottsay"": 2, ""clalancette"": 1}"
https://github.com/ros/rosdistro/pull/39049,"{""tfoote"": 1, ""sloretz"": 1}"
https://github.com/ros/rosdistro/pull/39010,"{""tfoote"": 1, ""sloretz"": 1, ""clalancette"": 2}"
https://github.com/ros/rosdistro/pull/38933,"{""clalancette"": 3, ""emersonknapp"": 2}"
https://github.com/ros/rosdistro/pull/38924,"{""github-actions[bot]"": 1, ""Joecey"": 1}"
https://github.com/ros/rosdistro/pull/38858,"{""nuclearsandwich"": 1, ""clalancette"": 2, ""augustelalande"": 1}"
https://github.com/ros/rosdistro/pull/38843,"{""nuclearsandwich"": 1}"
https://github.com/ros/rosdistro/pull/38821,"{""nuclearsandwich"": 3}"
https://github.com/ros/rosdistro/pull/38816,"{""tfoote"": 1, ""nuclearsandwich"": 2}"
https://github.com/ros/rosdistro/pull/38801,"{""nuclearsandwich"": 2}"
https://github.com/ros/rosdistro/pull/38754,"{""nachovizzo"": 1, ""tfoote"": 1}"
https://github.com/ros/rosdistro/pull/38577,"{""audrow"": 1, ""tfoote"": 1}"
https://github.com/ros/rosdistro/pull/38546,"{""clalancette"": 1}"
https://github.com/ros/rosdistro/pull/38543,"{""clalancette"": 1}"
https://github.com/ros/rosdistro/pull/38540,"{""tfoote"": 3, ""clalancette"": 1}"
https://github.com/ros/rosdistro/pull/38406,"{""cottsay"": 1, ""wentasah"": 2, ""clalancette"": 1}"
https://github.com/ros/rosdistro/pull/38383,"{""github-actions[bot]"": 2, ""quarkytale"": 1, ""nuclearsandwich"": 2, ""emersonknapp"": 1, ""kjeremy"": 1}"
https://github.com/ros/rosdistro/pull/38360,"{""rkoyama1623"": 8, ""emersonknapp"": 3, ""cottsay"": 5}"
https://github.com/ros/rosdistro/pull/38353,"{""Timple"": 1}"
https://github.com/ros/rosdistro/pull/38244,"{""rickstaa"": 8, ""tfoote"": 4, ""mjcarroll"": 2}"
https://github.com/ros/rosdistro/pull/38239,"{""tfoote"": 1, ""methylDragon"": 1, ""oysstu"": 1}"
https://github.com/ros/rosdistro/pull/38229,"{""tfoote"": 1, ""Podesta"": 1}"
https://github.com/ros/rosdistro/pull/38228,"{""tfoote"": 1}"
https://github.com/ros/rosdistro/pull/38203,"{""tfoote"": 1}"
https://github.com/ros/rosdistro/pull/38202,"{""tfoote"": 1, ""mjcarroll"": 1, ""ToshikiNakamura0412"": 1}"
https://github.com/ros/rosdistro/pull/38185,"{""tfoote"": 2}"
https://github.com/ros/rosdistro/pull/38180,"{""ARK3r"": 2, ""sloretz"": 2, ""tfoote"": 1}"
https://github.com/ros/rosdistro/pull/38178,"{""hacker1024"": 1}"
https://github.com/ros/rosdistro/pull/38148,"{""SubaruArai"": 1, ""clalancette"": 1}"
https://github.com/ros/rosdistro/pull/38142,"{""audrow"": 1}"
https://github.com/ros/rosdistro/pull/38136,"{""lopsided98"": 2, ""hacker1024"": 2}"
https://github.com/ros/rosdistro/pull/38133,"{""clalancette"": 2, ""knorth55"": 2}"
https://github.com/ros/rosdistro/pull/38119,"{""SubaruArai"": 3, ""clalancette"": 5}"
https://github.com/ros/rosdistro/pull/38088,"{""cottsay"": 5, ""tylerjw"": 3}"
https://github.com/ros/rosdistro/pull/38066,"{""cottsay"": 2, ""YuuchanShimi"": 1, ""tfoote"": 1}"
https://github.com/ros/rosdistro/pull/38056,"{""peci1"": 2, ""cottsay"": 8, ""ahcorde"": 1}"
https://github.com/ros/rosdistro/pull/37908,"{""tfoote"": 1}"
https://github.com/ros/rosdistro/pull/37826,"{""audrow"": 1, ""Ryanf55"": 3, ""clalancette"": 5}"
https://github.com/ros/rosdistro/pull/37824,"{""clalancette"": 2, ""christophebedard"": 3}"
https://github.com/ros/rosdistro/pull/37728,"{""clalancette"": 1, ""ARK3r"": 1, ""audrow"": 1, ""mergify[bot]"": 1}"
https://github.com/ros/rosdistro/pull/37726,"{""clalancette"": 1, ""jkkolb"": 1}"
https://github.com/ros/rosdistro/pull/37702,"{""clalancette"": 1}"
https://github.com/ros/rosdistro/pull/37661,"{""hellantos"": 2, ""clalancette"": 2}"
https://github.com/ros/rosdistro/pull/37651,"{""mjcarroll"": 1, ""frankkusters"": 1}"
https://github.com/ros/rosdistro/pull/37626,"{""clalancette"": 2, ""rickstaa"": 1}"
https://github.com/ros/rosdistro/pull/37580,"{""clalancette"": 1, ""sloretz"": 1}"
https://github.com/ros/rosdistro/pull/37549,"{""emersonknapp"": 1, ""juhannc"": 1}"
https://github.com/ros/rosdistro/pull/37509,"{""130s"": 3, ""emersonknapp"": 3, ""sloretz"": 1}"
https://github.com/ros/rosdistro/pull/37485,"{""nuclearsandwich"": 1}"
https://github.com/ros/rosdistro/pull/37308,"{""quarkytale"": 2, ""tfoote"": 1}"
https://github.com/ros/rosdistro/pull/37254,"{""tfoote"": 3, ""JafarAbdi"": 1}"
https://github.com/ros/rosdistro/pull/37226,"{""Ryanf55"": 4, ""peci1"": 1, ""clalancette"": 4}"
https://github.com/ros/rosdistro/pull/37218,"{""clalancette"": 1}"
https://github.com/ros/rosdistro/pull/37171,"{""audrow"": 1, ""mattcocking"": 1}"
https://github.com/ros/rosdistro/pull/37167,"{""sktometometo"": 1, ""clalancette"": 1}"
https://github.com/ros/rosdistro/pull/37158,"{""clalancette"": 5, ""knorth55"": 5, ""tfoote"": 1}"
https://github.com/ros/rosdistro/pull/37139,"{""clalancette"": 2, ""Svastits"": 1}"
https://github.com/ros/rosdistro/pull/37138,"{""mintar"": 1}"
https://github.com/ros/rosdistro/pull/37095,"{""adityapande-1995"": 1, ""knorth55"": 1, ""mjcarroll"": 1}"
https://github.com/ros/rosdistro/pull/37094,"{""adityapande-1995"": 1, ""knorth55"": 1}"
https://github.com/ros/rosdistro/pull/37014,"{""mjcarroll"": 2}"
https://github.com/ros/rosdistro/pull/36970,"{""tfoote"": 1, ""ct2034"": 1, ""adityapande-1995"": 1, ""clalancette"": 1}"
https://github.com/ros/rosdistro/pull/36948,"{""adityapande-1995"": 1, ""Kotochleb"": 1}"
https://github.com/ros/rosdistro/pull/36941,"{""mjcarroll"": 2, ""CursedRock17"": 1}"
https://github.com/ros/rosdistro/pull/36891,"{""nuclearsandwich"": 1, ""rafal-gorecki"": 1, ""tfoote"": 1}"
https://github.com/ros/rosdistro/pull/36840,"{""nuclearsandwich"": 3}"
https://github.com/ros/rosdistro/pull/36802,"{""Wojcik98"": 1, ""nuclearsandwich"": 1}"
https://github.com/ros/rosdistro/pull/36801,"{""Wojcik98"": 2, ""nuclearsandwich"": 1}"
https://github.com/ros/rosdistro/pull/36798,"{""nuclearsandwich"": 1, ""methylDragon"": 1}"
https://github.com/ros/rosdistro/pull/36762,"{""tfoote"": 1, ""Goldob"": 2, ""nuclearsandwich"": 1, ""methylDragon"": 1}"
https://github.com/ros/rosdistro/pull/36753,"{""nuclearsandwich"": 2, ""CursedRock17"": 1, ""mjcarroll"": 1}"
https://github.com/ros/rosdistro/pull/36752,"{""nuclearsandwich"": 3}"
https://github.com/ros/rosdistro/pull/36751,"{""nuclearsandwich"": 1}"
https://github.com/ros/rosdistro/pull/36750,"{""nuclearsandwich"": 3, ""CursedRock17"": 2}"
https://github.com/ros/rosdistro/pull/36747,"{""tfoote"": 1, ""nuclearsandwich"": 5, ""CursedRock17"": 2}"
https://github.com/ros/rosdistro/pull/36714,"{""nuclearsandwich"": 3, ""mosfet80"": 1, ""emersonknapp"": 1}"
https://github.com/ros/rosdistro/pull/36704,"{""emersonknapp"": 1}"
https://github.com/ros/rosdistro/pull/36612,"{""clalancette"": 1}"
https://github.com/ros/rosdistro/pull/36603,"{""cottsay"": 1, ""ayrton04"": 1}"
https://github.com/ros/rosdistro/pull/36590,"{""tfoote"": 3, ""tlipps"": 3}"
https://github.com/ros/rosdistro/pull/36561,"{""Flova"": 5, ""tfoote"": 1}"
https://github.com/ros/rosdistro/pull/36497,"{""clalancette"": 1}"
https://github.com/ros/rosdistro/pull/36474,"{""clalancette"": 2, ""sloretz"": 2}"
https://github.com/ros/rosdistro/pull/36469,"{""jibweb"": 1, ""clalancette"": 1}"
https://github.com/ros/rosdistro/pull/36451,"{""cottsay"": 4, ""wxmerkt"": 3}"
https://github.com/ros/rosdistro/pull/36417,"{""adityapande-1995"": 1, ""gv11181989"": 1, ""mjcarroll"": 1}"
https://github.com/ros/rosdistro/pull/36406,"{""lreiher"": 7, ""clalancette"": 5, ""nuclearsandwich"": 3, ""adityapande-1995"": 1, ""cmraaron"": 1}"
https://github.com/ros/rosdistro/pull/36324,"{""clalancette"": 1, ""martinandrovich"": 1}"
https://github.com/ros/rosdistro/pull/36300,"{""clalancette"": 1, ""cottsay"": 2, ""nuclearsandwich"": 2}"
https://github.com/ros/rosdistro/pull/36290,"{""clalancette"": 1}"
https://github.com/ros/rosdistro/pull/36262,"{""clalancette"": 1, ""cottsay"": 1}"
https://github.com/ros/rosdistro/pull/36222,"{""mjcarroll"": 1, ""emersonknapp"": 2, ""Kotochleb"": 2}"
https://github.com/ros/rosdistro/pull/36216,"{""jcarpent"": 2, ""wep21"": 2, ""emersonknapp"": 2, ""wxmerkt"": 1}"
https://github.com/ros/rosdistro/pull/36164,"{""pariaspe"": 2, ""tfoote"": 2, ""emersonknapp"": 2, ""nuclearsandwich"": 1, ""SteveMacenski"": 1}"
https://github.com/ros/rosdistro/pull/36071,"{""SteveMacenski"": 5, ""tlipps"": 5}"
https://github.com/ros/rosdistro/pull/36052,"{""esteve"": 2, ""SteveMacenski"": 1}"
https://github.com/ros/rosdistro/pull/36030,"{""sloretz"": 1, ""peci1"": 1, ""SteveMacenski"": 1}"
https://github.com/ros/rosdistro/pull/36016,"{""yakunouyang"": 2, ""emersonknapp"": 3}"
https://github.com/ros/rosdistro/pull/35931,"{""nuclearsandwich"": 3, ""cottsay"": 1, ""peci1"": 2}"
https://github.com/ros/rosdistro/pull/35852,"{""tfoote"": 3, ""cottsay"": 2, ""SteveMacenski"": 6, ""clalancette"": 4, ""nuclearsandwich"": 5}"
https://github.com/ros/rosdistro/pull/35838,"{""tfoote"": 4, ""peci1"": 1}"
https://github.com/ros/rosdistro/pull/35827,"{""peci1"": 8, ""clalancette"": 1, ""nuclearsandwich"": 7, ""cottsay"": 1}"
https://github.com/ros/rosdistro/pull/35815,"{""tfoote"": 1, ""azymohliad"": 1, ""nuclearsandwich"": 1}"
https://github.com/ros/rosdistro/pull/35789,"{""tfoote"": 2, ""nuclearsandwich"": 1, ""BartKeulen"": 1, ""emersonknapp"": 4}"
https://github.com/ros/rosdistro/pull/35708,"{""clalancette"": 3, ""davesarmoury"": 1, ""tfoote"": 1}"
https://github.com/ros/rosdistro/pull/35688,"{""tfoote"": 1, ""clalancette"": 4, ""ggorjup"": 3, ""cottsay"": 2}"
https://github.com/ros/rosdistro/pull/35671,"{""sloretz"": 2, ""MatthijsBurgh"": 2}"
https://github.com/ros/rosdistro/pull/35657,"{""clalancette"": 2, ""greinet"": 2, ""methylDragon"": 1}"
https://github.com/ros/rosdistro/pull/35519,"{""nuclearsandwich"": 2, ""hidmic"": 2, ""p-panagiotidis"": 1}"
https://github.com/ros/rosdistro/pull/35491,"{""nuclearsandwich"": 1, ""gv11181989"": 2, ""cottsay"": 1, ""clalancette"": 3}"
https://github.com/ros/rosdistro/pull/35489,"{""nuclearsandwich"": 1}"
https://github.com/ros/rosdistro/pull/35458,"{""cottsay"": 2}"
https://github.com/ros/rosdistro/pull/35453,"{""nuclearsandwich"": 4, ""audrow"": 1, ""5730289021-NN"": 1}"
https://github.com/ros/rosdistro/pull/35438,"{""clalancette"": 1, ""igor-markovic"": 1}"
https://github.com/ros/rosdistro/pull/35420,"{""mjbogusz"": 1, ""nuclearsandwich"": 1}"
https://github.com/ros/rosdistro/pull/35387,"{""DirkHoffmann"": 1}"
https://github.com/ros/rosdistro/pull/35374,"{""ros-discourse"": 1}"
https://github.com/ros/rosdistro/pull/35326,"{""wjwwood"": 2, ""frankkusters"": 1}"
https://github.com/ros/rosdistro/pull/35302,"{""methylDragon"": 2, ""DasRoteSkelett"": 3, ""wjwwood"": 1, ""ivanpauno"": 1}"
https://github.com/ros/rosdistro/pull/35289,"{""methylDragon"": 1, ""wjwwood"": 1, ""ivanpauno"": 16, ""mvieth"": 5, ""Aposhian"": 7}"
https://github.com/ros/rosdistro/pull/35284,"{""methylDragon"": 2, ""ufrhaidar"": 2, ""ivanpauno"": 1}"
https://github.com/ros/rosdistro/pull/35197,"{""sloretz"": 1, ""nuclearsandwich"": 2}"
https://github.com/ros/rosdistro/pull/35193,"{""sloretz"": 1, ""tomkimsour"": 1}"
https://github.com/ros/rosdistro/pull/35110,"{""tfoote"": 1, ""peci1"": 1}"
https://github.com/ros/rosdistro/pull/35106,"{""RFRIEDM-Trimble"": 4, ""cottsay"": 2, ""tfoote"": 1, ""clalancette"": 1}"
https://github.com/ros/rosdistro/pull/35007,"{""clalancette"": 1, ""usamex"": 1}"
https://github.com/ros/rosdistro/pull/34978,"{""nuclearsandwich"": 2, ""FranekStark"": 2, ""clalancette"": 5}"
https://github.com/ros/rosdistro/pull/34963,"{""belorenz"": 2, ""nuclearsandwich"": 3, ""tfoote"": 3, ""cottsay"": 1, ""kjeremy"": 1}"
https://github.com/ros/rosdistro/pull/34956,"{""clalancette"": 1, ""cottsay"": 1}"
https://github.com/ros/rosdistro/pull/34952,"{""nuclearsandwich"": 2, ""cottsay"": 1}"
https://github.com/ros/rosdistro/pull/34853,"{""cottsay"": 1}"
https://github.com/ros/rosdistro/pull/34831,"{""hidmic"": 1, ""cottsay"": 1}"
https://github.com/ros/rosdistro/pull/34818,"{""hidmic"": 2, ""cottsay"": 1}"
https://github.com/ros/rosdistro/pull/34817,"{""hidmic"": 1, ""cottsay"": 1}"
https://github.com/ros/rosdistro/pull/34797,"{""cottsay"": 4, ""tylerjw"": 3}"
https://github.com/ros/rosdistro/pull/34796,"{""adityapande-1995"": 2, ""hidmic"": 1, ""kjeremy"": 1}"
https://github.com/ros/rosdistro/pull/34786,"{""cottsay"": 4, ""hidmic"": 2, ""jknofe"": 2}"
https://github.com/ros/rosdistro/pull/34772,"{""hidmic"": 1}"
https://github.com/ros/rosdistro/pull/34703,"{""ivanpauno"": 3}"
https://github.com/ros/rosdistro/pull/34616,"{""ivanpauno"": 1, ""zflat"": 3, ""jacobperron"": 2, ""cottsay"": 1}"
https://github.com/ros/rosdistro/pull/34462,"{""clalancette"": 7}"
https://github.com/ros/rosdistro/pull/34443,"{""DLu"": 1, ""clalancette"": 1}"
https://github.com/ros/rosdistro/pull/34442,"{""DLu"": 3, ""clalancette"": 1}"
https://github.com/ros/rosdistro/pull/34433,"{""ivanpauno"": 1, ""hidmic"": 1, ""JafarAbdi"": 2, ""nuclearsandwich"": 2, ""clalancette"": 1, ""cottsay"": 1}"
https://github.com/ros/rosdistro/pull/34313,"{""jacobperron"": 1}"
https://github.com/ros/rosdistro/pull/34293,"{""jacobperron"": 1}"
https://github.com/ros/rosdistro/pull/34273,"{""jacobperron"": 10, ""SteveMacenski"": 5, ""cottsay"": 1}"
https://github.com/ros/rosdistro/pull/34254,"{""Nkyoku"": 2, ""nuclearsandwich"": 2}"
https://github.com/ros/rosdistro/pull/34253,"{""tfoote"": 3, ""christianrauch"": 6, ""nuclearsandwich"": 4, ""ivanpauno"": 1}"
https://github.com/ros/rosdistro/pull/34247,"{""jacobperron"": 1, ""clalancette"": 1, ""cottsay"": 1}"
https://github.com/ros/rosdistro/pull/34246,"{""clalancette"": 1, ""tfoote"": 3, ""hellantos"": 2}"
https://github.com/ros/rosdistro/pull/34243,"{""nuclearsandwich"": 1, ""hellantos"": 4, ""jacobperron"": 2}"
https://github.com/ros/rosdistro/pull/34205,"{""tfoote"": 3, ""nuclearsandwich"": 2}"
https://github.com/ros/rosdistro/pull/34204,"{""tfoote"": 3, ""KanayaNakamura"": 1}"
https://github.com/ros/rosdistro/pull/34200,"{""tfoote"": 1}"
https://github.com/ros/rosdistro/pull/34177,"{""adityapande-1995"": 1, ""tfoote"": 1, ""nuclearsandwich"": 3, ""chapulina"": 1}"
https://github.com/ros/rosdistro/pull/34093,"{""ivanpauno"": 2, ""jacksongeritz"": 2}"
https://github.com/ros/rosdistro/pull/33996,"{""sloretz"": 1, ""k-okada"": 2, ""ivanpauno"": 3}"
https://github.com/ros/rosdistro/pull/33988,"{""mr337"": 6, ""clalancette"": 4, ""sloretz"": 1}"
https://github.com/ros/rosdistro/pull/33894,"{""cottsay"": 1, ""tylerjw"": 1}"
https://github.com/ros/rosdistro/pull/33877,"{""cottsay"": 1}"
https://github.com/ros/rosdistro/pull/33824,"{""tfoote"": 2, ""ksuszka"": 1}"
https://github.com/ros/rosdistro/pull/33810,"{""tfoote"": 1}"
https://github.com/ros/rosdistro/pull/33791,"{""tfoote"": 2, ""Scout22"": 2, ""clalancette"": 1, ""jacobperron"": 1, ""cottsay"": 3}"
https://github.com/ros/rosdistro/pull/33788,"{""tfoote"": 1}"
https://github.com/ros/rosdistro/pull/33783,"{""tfoote"": 1}"
https://github.com/ros/rosdistro/pull/33726,"{""nuclearsandwich"": 2, ""jacobperron"": 4, ""hidmic"": 1, ""adityapande-1995"": 1, ""Interpause"": 2}"
https://github.com/ros/rosdistro/pull/33717,"{""ivanpauno"": 2, ""hsgwa"": 1}"
https://github.com/ros/rosdistro/pull/33699,"{""ivanpauno"": 1, ""kjeremy"": 1}"
https://github.com/ros/rosdistro/pull/33681,"{""ivanpauno"": 5, ""hsgwa"": 4}"
https://github.com/ros/rosdistro/pull/33679,"{""ivanpauno"": 1}"
https://github.com/ros/rosdistro/pull/33678,"{""ivanpauno"": 1, ""hidmic"": 1, ""nuclearsandwich"": 1}"
https://github.com/ros/rosdistro/pull/33516,"{""ivanpauno"": 4, ""Souritra-Garai"": 1, ""hidmic"": 1}"
https://github.com/ros/rosdistro/pull/33405,"{""clalancette"": 2}"
https://github.com/ros/rosdistro/pull/33403,"{""cottsay"": 1}"
https://github.com/ros/rosdistro/pull/33266,"{""hidmic"": 2, ""cottsay"": 2}"
https://github.com/ros/rosdistro/pull/33248,"{""tfoote"": 3, ""tkmtnt7000"": 3, ""hidmic"": 1, ""ivanpauno"": 2}"
https://github.com/ros/rosdistro/pull/33225,"{""ivanpauno"": 5, ""knorth55"": 3, ""cottsay"": 1}"
https://github.com/ros/rosdistro/pull/33110,"{""tfoote"": 6, ""dreuter"": 7, ""nuclearsandwich"": 2, ""ivanpauno"": 1, ""cottsay"": 1, ""methylDragon"": 1}"
https://github.com/ros/rosdistro/pull/33106,"{""methylDragon"": 2}"
https://github.com/ros/rosdistro/pull/33091,"{""tfoote"": 3, ""clalancette"": 2}"
https://github.com/ros/rosdistro/pull/33017,"{""tfoote"": 4, ""mqcmd196"": 8, ""ivanpauno"": 16, ""sloretz"": 2, ""nuclearsandwich"": 4, ""cottsay"": 3, ""hidmic"": 1}"
https://github.com/ros/rosdistro/pull/32910,"{""wjwwood"": 1, ""igor-markovic"": 1}"
https://github.com/ros/rosdistro/pull/32898,"{""tfoote"": 1, ""meganetaaan"": 1, ""methylDragon"": 1}"
https://github.com/ros/rosdistro/pull/32897,"{""tfoote"": 1}"
https://github.com/ros/rosdistro/pull/32876,"{""tfoote"": 4, ""3473f"": 3, ""jacobperron"": 3}"
https://github.com/ros/rosdistro/pull/32838,"{""nuclearsandwich"": 3, ""clalancette"": 1, ""j-rivero"": 2, ""chapulina"": 2}"
https://github.com/ros/rosdistro/pull/32792,"{""tfoote"": 2, ""clalancette"": 1, ""zhtroy"": 1}"
https://github.com/ros/rosdistro/pull/32780,"{""nuclearsandwich"": 2, ""clalancette"": 1}"
https://github.com/ros/rosdistro/pull/32748,"{""tfoote"": 1, ""nuclearsandwich"": 1}"
https://github.com/ros/rosdistro/pull/32702,"{""cottsay"": 3, ""nuclearsandwich"": 1}"
https://github.com/ros/rosdistro/pull/32698,"{""SubaruArai"": 4, ""cottsay"": 2}"
https://github.com/ros/rosdistro/pull/32683,"{""cottsay"": 2, ""wxmerkt"": 2, ""nuclearsandwich"": 1}"
https://github.com/ros/rosdistro/pull/32533,"{""ivanpauno"": 2, ""hakuturu583"": 2}"
https://github.com/ros/rosdistro/pull/32532,"{""ivanpauno"": 2}"
https://github.com/ros/rosdistro/pull/32508,"{""ivanpauno"": 2, ""zhtroy"": 3, ""hidmic"": 1, ""tfoote"": 1}"
https://github.com/ros/rosdistro/pull/32499,"{""SteveMacenski"": 3, ""cottsay"": 1, ""adityapande-1995"": 1}"
https://github.com/ros/rosdistro/pull/32481,"{""mabelzhang"": 1, ""chapulina"": 3, ""j-rivero"": 3, ""ivanpauno"": 4}"
https://github.com/ros/rosdistro/pull/32470,"{""YoungJin-gurum"": 2, ""nuclearsandwich"": 3, ""tfoote"": 1}"
https://github.com/ros/rosdistro/pull/32469,"{""sloretz"": 1, ""Rezenders"": 2, ""cottsay"": 1}"
https://github.com/ros/rosdistro/pull/32430,"{""sloretz"": 1, ""knzo25"": 1}"
https://github.com/ros/rosdistro/pull/32384,"{""tfoote"": 3, ""bbferka"": 2}"
https://github.com/ros/rosdistro/pull/32307,"{""nuclearsandwich"": 1}"
https://github.com/ros/rosdistro/pull/32306,"{""tfoote"": 2, ""wep21"": 1, ""nuclearsandwich"": 1}"
https://github.com/ros/rosdistro/pull/32274,"{""nuclearsandwich"": 4, ""garb4ge"": 1}"
https://github.com/ros/rosdistro/pull/32259,"{""cottsay"": 1, ""sktometometo"": 1}"
https://github.com/ros/rosdistro/pull/32226,"{""clalancette"": 2, ""cottsay"": 1}"
https://github.com/ros/rosdistro/pull/32175,"{""nuclearsandwich"": 4, ""cottsay"": 2}"
https://github.com/ros/rosdistro/pull/32091,"{""hidmic"": 2, ""knzo25"": 1}"
https://github.com/ros/rosdistro/pull/32045,"{""nuclearsandwich"": 1}"
https://github.com/ros/rosdistro/pull/32010,"{""tgaspar"": 5, ""ivanpauno"": 5, ""sloretz"": 2}"
https://github.com/ros/rosdistro/pull/32004,"{""ivanpauno"": 1}"
https://github.com/ros/rosdistro/pull/32002,"{""ivanpauno"": 1, ""Timple"": 1}"
https://github.com/ros/rosdistro/pull/31995,"{""ivanpauno"": 5, ""bbferka"": 3, ""hidmic"": 1, ""clalancette"": 1, ""nuclearsandwich"": 1}"
https://github.com/ros/rosdistro/pull/31932,"{""mabelzhang"": 2, ""knzo25"": 4, ""ivanpauno"": 3}"
https://github.com/ros/rosdistro/pull/31929,"{""mabelzhang"": 1, ""xydesa"": 1}"
https://github.com/ros/rosdistro/pull/31735,"{""tfoote"": 17, ""ardabbour"": 5}"
https://github.com/ros/rosdistro/pull/31699,"{""tfoote"": 2, ""cottsay"": 1, ""nuclearsandwich"": 1}"
https://github.com/ros/rosdistro/pull/31697,"{""nuclearsandwich"": 1}"
https://github.com/ros/rosdistro/pull/31654,"{""nuclearsandwich"": 1}"
https://github.com/ros/rosdistro/pull/31624,"{""tfoote"": 1, ""youliangtan"": 3, ""clalancette"": 2, ""hidmic"": 1, ""nuclearsandwich"": 1, ""luca-della-vedova"": 1}"
https://github.com/ros/rosdistro/pull/31623,"{""cottsay"": 1, ""nuclearsandwich"": 3, ""tfoote"": 1, ""connoranderson"": 2}"
https://github.com/ros/rosdistro/pull/31615,"{""tfoote"": 1}"
https://github.com/ros/rosdistro/pull/31564,"{""cottsay"": 1, ""iory"": 1}"
https://github.com/ros/rosdistro/pull/31561,"{""clalancette"": 1, ""tfoote"": 1, ""nuclearsandwich"": 1}"
https://github.com/ros/rosdistro/pull/31559,"{""clalancette"": 1, ""tfoote"": 1, ""nuclearsandwich"": 1}"
https://github.com/ros/rosdistro/pull/31527,"{""tfoote"": 1, ""jacobperron"": 1, ""sktometometo"": 2, ""hidmic"": 1, ""clalancette"": 1}"
https://github.com/ros/rosdistro/pull/31523,"{""hidmic"": 1, ""airballking"": 2, ""cottsay"": 1}"
https://github.com/ros/rosdistro/pull/31512,"{""hidmic"": 1, ""christianrauch"": 3, ""cottsay"": 3}"
https://github.com/ros/rosdistro/pull/31511,"{""hidmic"": 1, ""turniphead"": 1, ""cottsay"": 1}"
https://github.com/ros/rosdistro/pull/31488,"{""SteveMacenski"": 4, ""cottsay"": 3}"
https://github.com/ros/rosdistro/pull/31455,"{""nuclearsandwich"": 1, ""wep21"": 2, ""ivanpauno"": 1}"
https://github.com/ros/rosdistro/pull/31454,"{""nuclearsandwich"": 1, ""wep21"": 2, ""hidmic"": 2}"
https://github.com/ros/rosdistro/pull/31453,"{""nuclearsandwich"": 1, ""wep21"": 1, ""ivanpauno"": 1, ""hidmic"": 1}"
https://github.com/ros/rosdistro/pull/31452,"{""nuclearsandwich"": 1, ""wep21"": 1}"
https://github.com/ros/rosdistro/pull/31432,"{""ivanpauno"": 1, ""turniphead"": 1}"
https://github.com/ros/rosdistro/pull/31412,"{""nuclearsandwich"": 3, ""ivanpauno"": 1, ""teddyort"": 1}"
https://github.com/ros/rosdistro/pull/31402,"{""ivanpauno"": 1, ""nuclearsandwich"": 1, ""hidmic"": 1, ""wxmerkt"": 1}"
https://github.com/ros/rosdistro/pull/31394,"{""mabelzhang"": 1, ""christianrauch"": 5, ""cottsay"": 2, ""tfoote"": 3, ""nuclearsandwich"": 3}"
https://github.com/ros/rosdistro/pull/31392,"{""christianrauch"": 12, ""mabelzhang"": 1, ""cottsay"": 4, ""nuclearsandwich"": 4, ""sloretz"": 1}"
https://github.com/ros/rosdistro/pull/31348,"{""mabelzhang"": 1, ""eugenkaltenegger"": 1, ""nuclearsandwich"": 1}"
https://github.com/ros/rosdistro/pull/31301,"{""tfoote"": 1}"
https://github.com/ros/rosdistro/pull/31300,"{""mabelzhang"": 1}"
https://github.com/ros/rosdistro/pull/31293,"{""wjwwood"": 1, ""cottsay"": 1}"
https://github.com/ros/rosdistro/pull/31263,"{""clalancette"": 1, ""fmessmer"": 2, ""mabelzhang"": 1}"
https://github.com/ros/rosdistro/pull/31204,"{""clalancette"": 3, ""130s"": 2, ""wjwwood"": 1}"
https://github.com/ros/rosdistro/pull/31201,"{""jacobperron"": 3, ""wjwwood"": 1, ""mabelzhang"": 2}"
https://github.com/ros/rosdistro/pull/31154,"{""tfoote"": 2}"
https://github.com/ros/rosdistro/pull/31151,"{""cottsay"": 1, ""amfern"": 1}"
https://github.com/ros/rosdistro/pull/31124,"{""tfoote"": 2, ""clalancette"": 4, ""mqcmd196"": 4, ""jacobperron"": 1}"
https://github.com/ros/rosdistro/pull/31013,"{""ivanpauno"": 5, ""Yuki-cpp"": 1}"
https://github.com/ros/rosdistro/pull/30990,"{""sloretz"": 1, ""ivanpauno"": 1}"
https://github.com/ros/rosdistro/pull/30975,"{""kneep"": 13, ""ivanpauno"": 11, ""tfoote"": 1, ""sloretz"": 7}"
https://github.com/ros/rosdistro/pull/30967,"{""clalancette"": 7, ""nuclearsandwich"": 3, ""tfoote"": 1, ""cottsay"": 2, ""alexMilmore"": 5, ""jacobperron"": 2}"
https://github.com/ros/rosdistro/pull/30940,"{""hidmic"": 1}"
https://github.com/ros/rosdistro/pull/30935,"{""clalancette"": 2, ""sgermanserrano"": 3, ""hidmic"": 1, ""ivanpauno"": 1}"
https://github.com/ros/rosdistro/pull/30901,"{""audrow"": 1, ""hidmic"": 1, ""130s"": 2, ""ivanpauno"": 4}"
https://github.com/ros/rosdistro/pull/30871,"{""jacobperron"": 4, ""Earthwings"": 2, ""cottsay"": 1}"
https://github.com/ros/rosdistro/pull/30769,"{""wjwwood"": 1, ""amfern"": 3, ""mabelzhang"": 1, ""cottsay"": 4, ""hidmic"": 1}"
https://github.com/ros/rosdistro/pull/30763,"{""mr337"": 2, ""jacobperron"": 3, ""wjwwood"": 1}"
https://github.com/ros/rosdistro/pull/30761,"{""wjwwood"": 1, ""cottsay"": 1}"
https://github.com/ros/rosdistro/pull/30756,"{""cottsay"": 2, ""ivanpauno"": 1}"
https://github.com/ros/rosdistro/pull/30751,"{""tfoote"": 3, ""fmauch"": 3, ""cottsay"": 1}"
https://github.com/ros/rosdistro/pull/30680,"{""hidmic"": 1, ""yotabits"": 1, ""kjeremy"": 1, ""sloretz"": 1}"
https://github.com/ros/rosdistro/pull/30612,"{""hidmic"": 1, ""JEnoch"": 1}"
https://github.com/ros/rosdistro/pull/30590,"{""ivanpauno"": 3, ""kjeremy"": 1}"
https://github.com/ros/rosdistro/pull/30589,"{""ivanpauno"": 3, ""kjeremy"": 2, ""cottsay"": 1, ""hidmic"": 1}"
https://github.com/ros/rosdistro/pull/30586,"{""ivanpauno"": 4, ""zflat"": 2}"
https://github.com/ros/rosdistro/pull/30577,"{""ivanpauno"": 1, ""bullerbeck"": 1}"
https://github.com/ros/rosdistro/pull/30576,"{""hidmic"": 1, ""ivanpauno"": 3, ""bullerbeck"": 1}"
https://github.com/ros/rosdistro/pull/30575,"{""hidmic"": 1, ""ivanpauno"": 1, ""bullerbeck"": 1}"
https://github.com/ros/rosdistro/pull/30574,"{""hidmic"": 3, ""ivanpauno"": 3, ""bullerbeck"": 1}"
https://github.com/ros/rosdistro/pull/30505,"{""ivanpauno"": 2, ""mykolasjuraitis"": 2}"
https://github.com/ros/rosdistro/pull/30474,"{""mabelzhang"": 2, ""viktorlorentz"": 3, ""hidmic"": 1, ""ivanpauno"": 3}"
https://github.com/ros/rosdistro/pull/30455,"{""mabelzhang"": 2}"
https://github.com/ros/rosdistro/pull/30454,"{""RyanHir"": 1, ""nuclearsandwich"": 2}"
https://github.com/ros/rosdistro/pull/30451,"{""mabelzhang"": 1}"
https://github.com/ros/rosdistro/pull/30435,"{""flynneva"": 4, ""cottsay"": 1, ""mabelzhang"": 1}"
https://github.com/ros/rosdistro/pull/30409,"{""jacobperron"": 7, ""lopsided98"": 1, ""Timple"": 3, ""nuclearsandwich"": 3, ""mabelzhang"": 1, ""ivanpauno"": 1}"
https://github.com/ros/rosdistro/pull/30395,"{""cottsay"": 1, ""130s"": 1}"
https://github.com/ros/rosdistro/pull/30394,"{""clalancette"": 1, ""mabelzhang"": 3, ""cottsay"": 1, ""ivanpauno"": 2}"
https://github.com/ros/rosdistro/pull/30358,"{""mr337"": 5, ""nuclearsandwich"": 2, ""tfoote"": 1}"
https://github.com/ros/rosdistro/pull/30345,"{""mr337"": 5, ""gbalke"": 4, ""clalancette"": 1}"
https://github.com/ros/rosdistro/pull/30319,"{""tfoote"": 1}"
https://github.com/ros/rosdistro/pull/30314,"{""cottsay"": 5, ""rohbotics"": 1}"
https://github.com/ros/rosdistro/pull/30310,"{""tfoote"": 1}"
https://github.com/ros/rosdistro/pull/30308,"{""tfoote"": 1, ""hakuturu583"": 1}"
https://github.com/ros/rosdistro/pull/30170,"{""ivanpauno"": 1, ""rohbotics"": 1}"
https://github.com/ros/rosdistro/pull/30112,"{""hidmic"": 1, ""malban"": 2}"
https://github.com/ros/rosdistro/pull/30037,"{""nuclearsandwich"": 1, ""russkel"": 2, ""hidmic"": 1}"
https://github.com/ros/rosdistro/pull/30036,"{""nuclearsandwich"": 2, ""clalancette"": 1, ""knorth55"": 1}"
https://github.com/ros/rosdistro/pull/30035,"{""nuclearsandwich"": 1, ""knorth55"": 1}"
https://github.com/ros/rosdistro/pull/30034,"{""knorth55"": 2, ""nuclearsandwich"": 1}"
https://github.com/ros/rosdistro/pull/30023,"{""cottsay"": 1}"
https://github.com/ros/rosdistro/pull/30012,"{""nuclearsandwich"": 2, ""mabelzhang"": 1, ""XDGFX"": 1}"
https://github.com/ros/rosdistro/pull/29994,"{""wjwwood"": 2, ""ipa-fez"": 2, ""nuclearsandwich"": 2}"
https://github.com/ros/rosdistro/pull/29935,"{""mabelzhang"": 3, ""neotinker"": 1}"
https://github.com/ros/rosdistro/pull/29862,"{""kogut"": 1, ""cottsay"": 3, ""jacobperron"": 2}"
https://github.com/ros/rosdistro/pull/29822,"{""jacobperron"": 2, ""dandedrick"": 3}"
https://github.com/ros/rosdistro/pull/29821,"{""jacobperron"": 2, ""fmessmer"": 1}"
https://github.com/ros/rosdistro/pull/29809,"{""JWhitleyWork"": 1, ""cottsay"": 2}"
https://github.com/ros/rosdistro/pull/29808,"{""cottsay"": 3, ""JWhitleyWork"": 2}"
https://github.com/ros/rosdistro/pull/29805,"{""jacobperron"": 1}"
https://github.com/ros/rosdistro/pull/29778,"{""708yamaguchi"": 2, ""wjwwood"": 1, ""cottsay"": 1}"
https://github.com/ros/rosdistro/pull/29721,"{""tfoote"": 1}"
https://github.com/ros/rosdistro/pull/29703,"{""furushchev"": 3, ""cottsay"": 2, ""sloretz"": 1}"
https://github.com/ros/rosdistro/pull/29663,"{""mabelzhang"": 2, ""neotinker"": 2, ""tfoote"": 1}"
https://github.com/ros/rosdistro/pull/29642,"{""mabelzhang"": 2, ""tfoote"": 2, ""neotinker"": 1}"
https://github.com/ros/rosdistro/pull/29641,"{""tfoote"": 3, ""mabelzhang"": 1, ""neotinker"": 2}"
https://github.com/ros/rosdistro/pull/29640,"{""mabelzhang"": 1}"
https://github.com/ros/rosdistro/pull/29620,"{""tfoote"": 1, ""tomlankhorst"": 1, ""mabelzhang"": 1}"
https://github.com/ros/rosdistro/pull/29619,"{""mabelzhang"": 1, ""tfoote"": 2, ""tomlankhorst"": 1}"
https://github.com/ros/rosdistro/pull/29587,"{""tfoote"": 2, ""ggaessler"": 4, ""mabelzhang"": 5, ""sloretz"": 1}"
https://github.com/ros/rosdistro/pull/29578,"{""tfoote"": 2, ""mabelzhang"": 2, ""StefanFabian"": 1}"
https://github.com/ros/rosdistro/pull/29571,"{""tfoote"": 1, ""mqcmd196"": 2, ""mabelzhang"": 3}"
https://github.com/ros/rosdistro/pull/29534,"{""tfoote"": 2, ""shr-project"": 2, ""nuclearsandwich"": 1}"
https://github.com/ros/rosdistro/pull/29514,"{""n-meunier"": 5, ""hidmic"": 3, ""tfoote"": 1, ""allenh1"": 2}"
https://github.com/ros/rosdistro/pull/29508,"{""hidmic"": 2, ""wjwwood"": 1, ""kenji-miyake"": 1}"
https://github.com/ros/rosdistro/pull/29496,"{""jtojnar"": 1, ""hidmic"": 1, ""lopsided98"": 1, ""tfoote"": 1}"
https://github.com/ros/rosdistro/pull/29494,"{""hidmic"": 1, ""wjwwood"": 1, ""clalancette"": 1, ""neotinker"": 1, ""tfoote"": 1, ""mabelzhang"": 1}"
https://github.com/ros/rosdistro/pull/29459,"{""nuclearsandwich"": 2, ""neotinker"": 2, ""ivanpauno"": 1}"
https://github.com/ros/rosdistro/pull/29458,"{""nuclearsandwich"": 4, ""neotinker"": 2}"
https://github.com/ros/rosdistro/pull/29431,"{""ivanpauno"": 4, ""rickstaa"": 4, ""cottsay"": 1}"
https://github.com/ros/rosdistro/pull/29426,"{""FSund"": 1}"
https://github.com/ros/rosdistro/pull/29423,"{""FSund"": 2}"
https://github.com/ros/rosdistro/pull/29381,"{""lFatality"": 2, ""clalancette"": 4, ""jacobperron"": 3}"
https://github.com/ros/rosdistro/pull/29380,"{""jacobperron"": 2, ""cottsay"": 1}"
https://github.com/ros/rosdistro/pull/29356,"{""yanrayw"": 3, ""clalancette"": 2}"
https://github.com/ros/rosdistro/pull/29318,"{""clalancette"": 3, ""belorenz"": 2}"
https://github.com/ros/rosdistro/pull/29316,"{""clalancette"": 1, ""peci1"": 1}"
https://github.com/ros/rosdistro/pull/29187,"{""fmessmer"": 4, ""clalancette"": 3}"
https://github.com/ros/rosdistro/pull/29123,"{""cottsay"": 2, ""PhilippSchmaelzle"": 1, ""belorenz"": 1}"
https://github.com/ros/rosdistro/pull/29086,"{""tfoote"": 4, ""youliangtan"": 1}"
https://github.com/ros/rosdistro/pull/29081,"{""cottsay"": 4, ""jpace121"": 2}"
https://github.com/ros/rosdistro/pull/29070,"{""tfoote"": 1, ""lopsided98"": 1, ""clalancette"": 1, ""jacobperron"": 2}"
https://github.com/ros/rosdistro/pull/29030,"{""wjwwood"": 1}"
https://github.com/ros/rosdistro/pull/29019,"{""danthony06"": 5, ""hidmic"": 5}"
https://github.com/ros/rosdistro/pull/28952,"{""clalancette"": 1, ""shr-project"": 2, ""ivanpauno"": 1, ""jacobperron"": 1}"
https://github.com/ros/rosdistro/pull/28939,"{""hidmic"": 1, ""tonybaltovski"": 2, ""cottsay"": 1, ""tfoote"": 1, ""jacobperron"": 1, ""nuclearsandwich"": 1}"
https://github.com/ros/rosdistro/pull/28923,"{""tfoote"": 2, ""cottsay"": 2, ""130s"": 2, ""hidmic"": 1}"
https://github.com/ros/rosdistro/pull/28854,"{""wjwwood"": 1}"
https://github.com/ros/rosdistro/pull/28830,"{""tfoote"": 4, ""prat1kbhujbal"": 1, ""hidmic"": 1}"
https://github.com/ros/rosdistro/pull/28817,"{""tfoote"": 5, ""tylernewnoise"": 4, ""wjwwood"": 1}"
https://github.com/ros/rosdistro/pull/28802,"{""fspindle"": 3, ""tfoote"": 1, ""mabelzhang"": 1}"
https://github.com/ros/rosdistro/pull/28794,"{""jacobperron"": 8, ""tfoote"": 5, ""jstiefel"": 4}"
https://github.com/ros/rosdistro/pull/28676,"{""tfoote"": 4, ""aaronplusone"": 3, ""mabelzhang"": 1}"
https://github.com/ros/rosdistro/pull/28642,"{""mabelzhang"": 2, ""ipa-fez"": 6, ""ivanpauno"": 6, ""tfoote"": 1, ""jacobperron"": 1}"
https://github.com/ros/rosdistro/pull/28603,"{""ivanpauno"": 1, ""mhtechdev"": 1}"
https://github.com/ros/rosdistro/pull/28599,"{""mabelzhang"": 2, ""joel-mb"": 1}"
https://github.com/ros/rosdistro/pull/28563,"{""ivanpauno"": 3, ""mabelzhang"": 3, ""raultron"": 1}"
https://github.com/ros/rosdistro/pull/28547,"{""nuclearsandwich"": 1, ""cottsay"": 1}"
https://github.com/ros/rosdistro/pull/28495,"{""clalancette"": 1, ""mikaelarguedas"": 2}"
https://github.com/ros/rosdistro/pull/28473,"{""tfoote"": 3, ""clalancette"": 2, ""Timple"": 4, ""ivanpauno"": 3}"
https://github.com/ros/rosdistro/pull/28461,"{""belorenz"": 2, ""clalancette"": 2}"
https://github.com/ros/rosdistro/pull/28338,"{""tfoote"": 2, ""matthew-reynolds"": 2}"
https://github.com/ros/rosdistro/pull/28318,"{""sloretz"": 1, ""jacobperron"": 2, ""mgrrx"": 1, ""cottsay"": 2, ""tfoote"": 1}"
https://github.com/ros/rosdistro/pull/28312,"{""hidmic"": 1}"
https://github.com/ros/rosdistro/pull/28296,"{""mgrrx"": 3, ""hidmic"": 1, ""cottsay"": 1}"
https://github.com/ros/rosdistro/pull/28293,"{""hidmic"": 3, ""cottsay"": 1, ""clalancette"": 1}"
https://github.com/ros/rosdistro/pull/28289,"{""hidmic"": 1}"
https://github.com/ros/rosdistro/pull/28286,"{""cottsay"": 2, ""hidmic"": 2, ""MatthijsBurgh"": 2}"
https://github.com/ros/rosdistro/pull/28285,"{""cottsay"": 1, ""vincentrou"": 1, ""hidmic"": 2}"
https://github.com/ros/rosdistro/pull/28283,"{""hidmic"": 2, ""rluqueb"": 1, ""cottsay"": 1}"
https://github.com/ros/rosdistro/pull/28282,"{""tylernewnoise"": 2, ""cottsay"": 3}"
https://github.com/ros/rosdistro/pull/28280,"{""hidmic"": 2, ""maarufvazifdar"": 1}"
https://github.com/ros/rosdistro/pull/28279,"{""hidmic"": 2, ""cottsay"": 1}"
https://github.com/ros/rosdistro/pull/28277,"{""hidmic"": 1}"
https://github.com/ros/rosdistro/pull/28275,"{""hidmic"": 1}"
https://github.com/ros/rosdistro/pull/28160,"{""tfoote"": 2, ""stwirth"": 1}"
https://github.com/ros/rosdistro/pull/28148,"{""mabelzhang"": 2, ""zflat"": 1, ""jacobperron"": 2}"
https://github.com/ros/rosdistro/pull/28065,"{""nuclearsandwich"": 3, ""ivanpauno"": 6, ""hakuturu583"": 3}"
https://github.com/ros/rosdistro/pull/28056,"{""cottsay"": 1, ""fmessmer"": 1}"
https://github.com/ros/rosdistro/pull/28053,"{""mgruhler"": 1}"
https://github.com/ros/rosdistro/pull/28036,"{""clalancette"": 1}"
https://github.com/ros/rosdistro/pull/28034,"{""clalancette"": 1}"
https://github.com/ros/rosdistro/pull/28001,"{""cottsay"": 1}"
https://github.com/ros/rosdistro/pull/27990,"{""clalancette"": 1, ""jacobperron"": 1, ""chikuta"": 3, ""tfoote"": 1}"
https://github.com/ros/rosdistro/pull/27986,"{""nuclearsandwich"": 2, ""reinzor"": 2, ""mabelzhang"": 2, ""ivanpauno"": 2}"
https://github.com/ros/rosdistro/pull/27984,"{""ivanpauno"": 1}"
https://github.com/ros/rosdistro/pull/27976,"{""clalancette"": 1, ""hocjordan"": 1}"
https://github.com/ros/rosdistro/pull/27970,"{""clalancette"": 1, ""reinzor"": 1, ""ivanpauno"": 1}"
https://github.com/ros/rosdistro/pull/27964,"{""clalancette"": 2, ""MatthijsBurgh"": 2}"
https://github.com/ros/rosdistro/pull/27930,"{""cottsay"": 1}"
https://github.com/ros/rosdistro/pull/27881,"{""jonbinney"": 1, ""sloretz"": 1}"
https://github.com/ros/rosdistro/pull/27852,"{""tfoote"": 5, ""Timple"": 6, ""clalancette"": 1, ""nuclearsandwich"": 3, ""jacobperron"": 1, ""wjwwood"": 1, ""sloretz"": 1}"
https://github.com/ros/rosdistro/pull/27826,"{""tfoote"": 1, ""shr-project"": 1}"
https://github.com/ros/rosdistro/pull/27819,"{""shr-project"": 6, ""hidmic"": 2, ""jacobperron"": 2, ""Goldob"": 4}"
https://github.com/ros/rosdistro/pull/27782,"{""mabelzhang"": 2, ""hidmic"": 1, ""tsaoyu"": 2, ""ivanpauno"": 2, ""nuclearsandwich"": 2, ""jacobperron"": 2, ""clalancette"": 1}"
https://github.com/ros/rosdistro/pull/27780,"{""mabelzhang"": 1}"
https://github.com/ros/rosdistro/pull/27768,"{""mabelzhang"": 3, ""spuetz"": 3, ""jacobperron"": 4, ""tfoote"": 1, ""sloretz"": 1}"
https://github.com/ros/rosdistro/pull/27702,"{""nuclearsandwich"": 5, ""Minipada"": 2}"
https://github.com/ros/rosdistro/pull/27641,"{""hidmic"": 1, ""clalancette"": 1, ""130s"": 2, ""nuclearsandwich"": 1}"
https://github.com/ros/rosdistro/pull/27623,{}
https://github.com/ros/rosdistro/pull/27597,"{""tfoote"": 1, ""130s"": 3, ""clalancette"": 1}"
https://github.com/ros/rosdistro/pull/27583,"{""clalancette"": 1, ""fmessmer"": 1}"
https://github.com/ros/rosdistro/pull/27580,"{""hakuturu583"": 3, ""clalancette"": 1}"
https://github.com/ros/rosdistro/pull/27499,"{""hakuturu583"": 4, ""tfoote"": 3, ""clalancette"": 1, ""sloretz"": 1}"
https://github.com/ros/rosdistro/pull/27498,"{""tfoote"": 2, ""hakuturu583"": 2}"
https://github.com/ros/rosdistro/pull/27488,"{""tfoote"": 2, ""rluqueb"": 1, ""clalancette"": 3}"
https://github.com/ros/rosdistro/pull/27395,"{""tfoote"": 2, ""708yamaguchi"": 1}"
https://github.com/ros/rosdistro/pull/27390,"{""tfoote"": 1, ""zflat"": 2, ""clalancette"": 2}"
https://github.com/ros/rosdistro/pull/27278,"{""mjcarroll"": 1, ""sloretz"": 1}"
https://github.com/ros/rosdistro/pull/27243,"{""nuclearsandwich"": 1, ""miguelprada"": 2, ""wjwwood"": 1}"
https://github.com/ros/rosdistro/pull/27195,"{""MichaelGrupp"": 3, ""nuclearsandwich"": 2, ""claireyywang"": 1, ""sloretz"": 1, ""tfoote"": 1, ""jacobperron"": 1}"
https://github.com/ros/rosdistro/pull/27189,"{""sebgiles"": 2, ""nuclearsandwich"": 3}"
https://github.com/ros/rosdistro/pull/27038,"{""hidmic"": 1, ""ptenbrock"": 2}"
https://github.com/ros/rosdistro/pull/27037,"{""hidmic"": 2, ""jstiefel"": 1}"
https://github.com/ros/rosdistro/pull/27017,"{""fmessmer"": 1, ""clalancette"": 3}"
https://github.com/ros/rosdistro/pull/26953,"{""clalancette"": 1, ""furushchev"": 3, ""hidmic"": 1}"
https://github.com/ros/rosdistro/pull/26942,"{""hidmic"": 1}"
https://github.com/ros/rosdistro/pull/26939,"{""clalancette"": 1, ""hidmic"": 1}"
https://github.com/ros/rosdistro/pull/26922,"{""ivanpauno"": 3, ""facontidavide"": 1}"
https://github.com/ros/rosdistro/pull/26826,"{""ivanpauno"": 1}"
https://github.com/ros/rosdistro/pull/26814,"{""jacobperron"": 2, ""ivanpauno"": 2, ""russkel"": 1}"
https://github.com/ros/rosdistro/pull/26779,"{""tfoote"": 1, ""jacobperron"": 1, ""Rayman"": 1}"
https://github.com/ros/rosdistro/pull/26778,"{""tfoote"": 1, ""jacobperron"": 1, ""jschleicher"": 1}"
https://github.com/ros/rosdistro/pull/26769,"{""ahcorde"": 2, ""k-okada"": 1}"
https://github.com/ros/rosdistro/pull/26768,"{""tfoote"": 3, ""floweisshardt"": 3, ""jacobperron"": 1, ""ivanpauno"": 1}"
https://github.com/ros/rosdistro/pull/26754,"{""jacobperron"": 3, ""airballking"": 1}"
https://github.com/ros/rosdistro/pull/26699,"{""clalancette"": 2, ""130s"": 1}"
https://github.com/ros/rosdistro/pull/26694,"{""130s"": 1}"
https://github.com/ros/rosdistro/pull/26683,"{""fmessmer"": 2, ""clalancette"": 4}"
https://github.com/ros/rosdistro/pull/26619,"{""wjwwood"": 2, ""erelson"": 2, ""clalancette"": 1}"
https://github.com/ros/rosdistro/pull/26586,"{""wjwwood"": 2}"
https://github.com/ros/rosdistro/pull/26574,"{""wjwwood"": 4, ""niomate"": 6, ""tfoote"": 1, ""clalancette"": 4}"
https://github.com/ros/rosdistro/pull/26570,"{""wjwwood"": 1}"
https://github.com/ros/rosdistro/pull/26551,"{""cottsay"": 2, ""taikitanaka3"": 2}"
https://github.com/ros/rosdistro/pull/26504,"{""LoyVanBeek"": 2, ""cottsay"": 2, ""ivanpauno"": 2}"
https://github.com/ros/rosdistro/pull/26446,"{""hidmic"": 6, ""mgruhler"": 8, ""dirk-thomas"": 3, ""ivanpauno"": 1}"
https://github.com/ros/rosdistro/pull/26328,"{""tdenewiler"": 2, ""jacobperron"": 3, ""dirk-thomas"": 1, ""hidmic"": 1, ""cottsay"": 3}"
https://github.com/ros/rosdistro/pull/26325,"{""jacobperron"": 2, ""paulbovbel"": 1}"
https://github.com/ros/rosdistro/pull/26308,"{""ahcorde"": 1}"
https://github.com/ros/rosdistro/pull/26226,"{""tfoote"": 3, ""bbferka"": 1}"
https://github.com/ros/rosdistro/pull/26215,"{""clalancette"": 3, ""claireyywang"": 2, ""azazdeaz"": 3}"
https://github.com/ros/rosdistro/pull/26188,"{""clalancette"": 1}"
https://github.com/ros/rosdistro/pull/26143,"{""claireyywang"": 1, ""jacobperron"": 2, ""ahcorde"": 1, ""clalancette"": 1}"
https://github.com/ros/rosdistro/pull/26056,"{""clalancette"": 3, ""mikaelarguedas"": 2}"
https://github.com/ros/rosdistro/pull/25995,"{""gavanderhoorn"": 1, ""mikaelarguedas"": 1}"
https://github.com/ros/rosdistro/pull/25988,"{""sloretz"": 1, ""nuclearsandwich"": 1}"
https://github.com/ros/rosdistro/pull/25933,"{""sloretz"": 1, ""cottsay"": 1}"
https://github.com/ros/rosdistro/pull/25920,"{""sloretz"": 3, ""Timple"": 2}"
https://github.com/ros/rosdistro/pull/25900,"{""tfoote"": 1}"
https://github.com/ros/rosdistro/pull/25892,"{""tfoote"": 1}"
https://github.com/ros/rosdistro/pull/25863,"{""clalancette"": 1, ""mistoll"": 1}"
https://github.com/ros/rosdistro/pull/25761,"{""nuclearsandwich"": 3, ""Levi-Armstrong"": 2}"
https://github.com/ros/rosdistro/pull/25757,"{""nuclearsandwich"": 1, ""tfoote"": 1, ""dniewinski"": 2, ""sloretz"": 2}"
https://github.com/ros/rosdistro/pull/25736,"{""clalancette"": 2, ""nuclearsandwich"": 1, ""kmhallen"": 1}"
https://github.com/ros/rosdistro/pull/25718,"{""clalancette"": 1}"
https://github.com/ros/rosdistro/pull/25689,"{""clalancette"": 2, ""tfoote"": 1, ""mbeutelspacher"": 1}"
https://github.com/ros/rosdistro/pull/25617,"{""nuclearsandwich"": 2, ""clalancette"": 1, ""k-okada"": 1}"
https://github.com/ros/rosdistro/pull/25610,"{""clalancette"": 1}"
https://github.com/ros/rosdistro/pull/25596,"{""nuclearsandwich"": 2, ""f-fl0"": 2, ""clalancette"": 1, ""tfoote"": 1}"
https://github.com/ros/rosdistro/pull/25556,"{""clalancette"": 1, ""shonigmann"": 1}"
https://github.com/ros/rosdistro/pull/25541,"{""sloretz"": 1}"
https://github.com/ros/rosdistro/pull/25533,"{""DavidMansolino"": 2, ""omichel"": 1, ""clalancette"": 2}"
https://github.com/ros/rosdistro/pull/25503,"{""nuclearsandwich"": 1, ""airballking"": 6, ""clalancette"": 1}"
https://github.com/ros/rosdistro/pull/25482,"{""nuclearsandwich"": 5, ""130s"": 7, ""clalancette"": 4, ""sloretz"": 1, ""tfoote"": 2}"
https://github.com/ros/rosdistro/pull/25474,"{""sloretz"": 3, ""tdenewiler"": 2, ""clalancette"": 2}"
https://github.com/ros/rosdistro/pull/25418,"{""tdenewiler"": 1, ""clalancette"": 1}"
https://github.com/ros/rosdistro/pull/25377,"{""nuclearsandwich"": 1}"
https://github.com/ros/rosdistro/pull/25370,"{""clalancette"": 1}"
https://github.com/ros/rosdistro/pull/25369,"{""clalancette"": 1}"
https://github.com/ros/rosdistro/pull/25296,"{""sloretz"": 1, ""hikinggrass"": 1}"
https://github.com/ros/rosdistro/pull/25263,"{""mikeferguson"": 2, ""davetcoleman"": 1, ""clalancette"": 3}"
https://github.com/ros/rosdistro/pull/25257,"{""clalancette"": 1}"
https://github.com/ros/rosdistro/pull/25204,"{""cottsay"": 2, ""kyrofa"": 1}"
https://github.com/ros/rosdistro/pull/25192,"{""clalancette"": 1, ""ilozano80"": 1}"
https://github.com/ros/rosdistro/pull/25173,"{""clalancette"": 1, ""jonbinney"": 4, ""tfoote"": 1, ""allenh1"": 2}"
https://github.com/ros/rosdistro/pull/25170,"{""clalancette"": 2, ""cottsay"": 1, ""tfoote"": 1}"
https://github.com/ros/rosdistro/pull/25140,"{""clalancette"": 1}"
https://github.com/ros/rosdistro/pull/25120,"{""MatthijsBurgh"": 2, ""tfoote"": 1, ""sloretz"": 1}"
https://github.com/ros/rosdistro/pull/25075,"{""sloretz"": 2, ""k-okada"": 3, ""nuclearsandwich"": 2, ""clalancette"": 3, ""Timple"": 1}"
https://github.com/ros/rosdistro/pull/25055,"{""clalancette"": 3, ""reinzor"": 3, ""tfoote"": 1, ""nuclearsandwich"": 2, ""cottsay"": 2}"
https://github.com/ros/rosdistro/pull/25054,"{""clalancette"": 1, ""reinzor"": 1}"
https://github.com/ros/rosdistro/pull/25053,"{""clalancette"": 1, ""reinzor"": 1}"
https://github.com/ros/rosdistro/pull/24982,"{""tfoote"": 2, ""BryceStevenWilley"": 1}"
https://github.com/ros/rosdistro/pull/24954,"{""tfoote"": 1, ""sevenbill"": 1, ""clalancette"": 6, ""sloretz"": 1, ""nuclearsandwich"": 1, ""claireyywang"": 1}"
https://github.com/ros/rosdistro/pull/24934,"{""nuclearsandwich"": 4, ""sloretz"": 5, ""chapulina"": 7, ""j-rivero"": 1}"
https://github.com/ros/rosdistro/pull/24916,"{""suddrey-qut"": 1, ""clalancette"": 1}"
https://github.com/ros/rosdistro/pull/24802,"{""cottsay"": 1}"
https://github.com/ros/rosdistro/pull/24773,"{""clalancette"": 1, ""pjreed"": 2}"
https://github.com/ros/rosdistro/pull/24762,"{""tfoote"": 2, ""atiderko"": 1}"
https://github.com/ros/rosdistro/pull/24743,"{""tfoote"": 1, ""JulianKu"": 1, ""clalancette"": 2}"
https://github.com/ros/rosdistro/pull/24742,"{""atiderko"": 1, ""clalancette"": 2}"
https://github.com/ros/rosdistro/pull/24741,"{""atiderko"": 1, ""clalancette"": 1}"
https://github.com/ros/rosdistro/pull/24725,"{""clalancette"": 2}"
https://github.com/ros/rosdistro/pull/24699,"{""cottsay"": 2, ""yotabits"": 2}"
https://github.com/ros/rosdistro/pull/24692,"{""nuclearsandwich"": 1, ""cottsay"": 1}"
https://github.com/ros/rosdistro/pull/24685,"{""tfoote"": 1, ""incebellipipo"": 7, ""nuclearsandwich"": 2, ""clalancette"": 3}"
https://github.com/ros/rosdistro/pull/24677,"{""dirk-thomas"": 2, ""cottsay"": 1, ""sloretz"": 5}"
https://github.com/ros/rosdistro/pull/24627,"{""tfoote"": 4, ""clalancette"": 5, ""garaemon"": 2}"
https://github.com/ros/rosdistro/pull/24623,"{""tfoote"": 2, ""JWhitleyWork"": 2, ""clalancette"": 1}"
https://github.com/ros/rosdistro/pull/24539,"{""sloretz"": 5}"
https://github.com/ros/rosdistro/pull/24527,"{""clalancette"": 1}"
https://github.com/ros/rosdistro/pull/24526,"{""tfoote"": 2, ""mikaelarguedas"": 1}"
https://github.com/ros/rosdistro/pull/24447,"{""clalancette"": 4, ""ahoarau"": 5}"
https://github.com/ros/rosdistro/pull/24432,"{""hakuturu583"": 7, ""clalancette"": 5, ""tfoote"": 4, ""allenh1"": 1}"
https://github.com/ros/rosdistro/pull/24423,"{""tfoote"": 1, ""allenh1"": 1, ""130s"": 1}"
https://github.com/ros/rosdistro/pull/24421,"{""nuclearsandwich"": 2, ""clalancette"": 5, ""Affonso-Gui"": 5, ""tfoote"": 1}"
https://github.com/ros/rosdistro/pull/24416,"{""nuclearsandwich"": 3, ""tfoote"": 1, ""jpardeiro"": 1}"
https://github.com/ros/rosdistro/pull/24414,"{""nuclearsandwich"": 2, ""mikeferguson"": 2}"
https://github.com/ros/rosdistro/pull/24346,"{""clalancette"": 2, ""luisrayas3"": 1}"
https://github.com/ros/rosdistro/pull/24340,"{""cottsay"": 1, ""ClementRolinat"": 3, ""tfoote"": 2, ""clalancette"": 1}"
https://github.com/ros/rosdistro/pull/24331,"{""cottsay"": 4, ""rotu"": 2}"
https://github.com/ros/rosdistro/pull/24294,"{""clalancette"": 2}"
https://github.com/ros/rosdistro/pull/24292,"{""flixr"": 1, ""tfoote"": 4, ""klintan"": 3, ""clalancette"": 3}"
https://github.com/ros/rosdistro/pull/24276,"{""cottsay"": 1, ""christophebedard"": 1}"
https://github.com/ros/rosdistro/pull/24275,"{""clalancette"": 3, ""tfoote"": 1, ""sktometometo"": 1}"
https://github.com/ros/rosdistro/pull/24193,"{""tfoote"": 2, ""flixr"": 1}"
https://github.com/ros/rosdistro/pull/24171,"{""clalancette"": 6, ""mortenfyhn"": 4}"
https://github.com/ros/rosdistro/pull/24164,"{""autonomobil"": 2, ""clalancette"": 1}"
https://github.com/ros/rosdistro/pull/24097,"{""tfoote"": 4, ""sloretz"": 4, ""wxmerkt"": 5}"
https://github.com/ros/rosdistro/pull/24096,"{""flabrosse"": 1, ""tfoote"": 1, ""allenh1"": 2}"
https://github.com/ros/rosdistro/pull/24074,"{""tfoote"": 1, ""StefanFabian"": 1}"
https://github.com/ros/rosdistro/pull/24054,"{""cottsay"": 1}"
https://github.com/ros/rosdistro/pull/24023,"{""tfoote"": 1, ""marioney"": 1, ""clalancette"": 1}"
https://github.com/ros/rosdistro/pull/24019,"{""tfoote"": 3, ""Rezenders"": 3, ""clalancette"": 1}"
https://github.com/ros/rosdistro/pull/24005,"{""tfoote"": 2, ""wxmerkt"": 1}"
https://github.com/ros/rosdistro/pull/23996,"{""allenh1"": 1, ""tfoote"": 1, ""clalancette"": 1, ""awesomebytes"": 1}"
https://github.com/ros/rosdistro/pull/23993,"{""Achllle"": 1, ""nuclearsandwich"": 1, ""tfoote"": 2, ""sloretz"": 1}"
https://github.com/ros/rosdistro/pull/23973,"{""clalancette"": 2, ""tfoote"": 2, ""JulianKu"": 2, ""sloretz"": 1}"
https://github.com/ros/rosdistro/pull/23967,"{""clalancette"": 8, ""miguelprada"": 6, ""nuclearsandwich"": 1}"
https://github.com/ros/rosdistro/pull/23966,"{""nuclearsandwich"": 1}"
https://github.com/ros/rosdistro/pull/23934,"{""pablogs9"": 5, ""clalancette"": 4}"
https://github.com/ros/rosdistro/pull/23911,"{""nuclearsandwich"": 1, ""sloretz"": 1}"
https://github.com/ros/rosdistro/pull/23844,"{""dirk-thomas"": 2, ""mikaelarguedas"": 3, ""JWhitleyWork"": 2, ""tfoote"": 1}"
https://github.com/ros/rosdistro/pull/23841,"{""meyerj"": 1, ""tfoote"": 3, ""j-rivero"": 1, ""ros-discourse"": 1, ""jacobperron"": 1, ""sloretz"": 4, ""nuclearsandwich"": 1}"
https://github.com/ros/rosdistro/pull/23793,"{""nuclearsandwich"": 2, ""nickswalker"": 1}"
https://github.com/ros/rosdistro/pull/23730,"{""dabonnie"": 1}"
https://github.com/ros/rosdistro/pull/23706,"{""nuclearsandwich"": 4, ""musamarcusso"": 1}"
https://github.com/ros/rosdistro/pull/23682,"{""nuclearsandwich"": 1, ""pjreed"": 1}"
https://github.com/ros/rosdistro/pull/23663,"{""Naoki-Hiraoka"": 2}"
https://github.com/ros/rosdistro/pull/23656,"{""tfoote"": 2, ""simonschmeisser"": 1}"
https://github.com/ros/rosdistro/pull/23646,"{""tfoote"": 2, ""pablogs9"": 2, ""iluetkeb"": 1}"
https://github.com/ros/rosdistro/pull/23624,"{""gavanderhoorn"": 3, ""tfoote"": 1, ""mikaelarguedas"": 3, ""nuclearsandwich"": 2, ""rosbuild"": 2, ""ruffsl"": 1}"
https://github.com/ros/rosdistro/pull/23622,"{""gavanderhoorn"": 1, ""mikaelarguedas"": 1}"
https://github.com/ros/rosdistro/pull/23620,"{""gavanderhoorn"": 3, ""cottsay"": 3, ""mikaelarguedas"": 3}"
https://github.com/ros/rosdistro/pull/23532,"{""clalancette"": 2, ""sloretz"": 2}"
https://github.com/ros/rosdistro/pull/23528,"{""clalancette"": 2, ""jhbruhn"": 2, ""tfoote"": 2}"
https://github.com/ros/rosdistro/pull/23525,"{""clalancette"": 1, ""sloretz"": 1}"
https://github.com/ros/rosdistro/pull/23497,"{""sloretz"": 1, ""furushchev"": 1}"
https://github.com/ros/rosdistro/pull/23470,"{""tfoote"": 2, ""gerd2s"": 1}"
https://github.com/ros/rosdistro/pull/23401,"{""sloretz"": 1}"
https://github.com/ros/rosdistro/pull/23352,"{""cottsay"": 1}"
https://github.com/ros/rosdistro/pull/23346,"{""tfoote"": 2, ""xqms"": 1}"
https://github.com/ros/rosdistro/pull/23334,"{""cottsay"": 1}"
https://github.com/ros/rosdistro/pull/23307,"{""cottsay"": 3, ""felixdivo"": 3, ""clalancette"": 1}"
https://github.com/ros/rosdistro/pull/23169,"{""nuclearsandwich"": 1, ""sgvandijk"": 1}"
https://github.com/ros/rosdistro/pull/23163,"{""efernandez"": 6, ""clalancette"": 7}"
https://github.com/ros/rosdistro/pull/23141,"{""clalancette"": 1, ""130s"": 1, ""cottsay"": 1}"
https://github.com/ros/rosdistro/pull/23137,"{""nuclearsandwich"": 1}"
https://github.com/ros/rosdistro/pull/23131,"{""nuclearsandwich"": 1}"
https://github.com/ros/rosdistro/pull/23117,"{""tfoote"": 1, ""imerino95"": 1}"
https://github.com/ros/rosdistro/pull/23060,"{""tfoote"": 1, ""reinzor"": 1, ""nuclearsandwich"": 1}"
https://github.com/ros/rosdistro/pull/22959,"{""tfoote"": 1, ""nuclearsandwich"": 1}"
https://github.com/ros/rosdistro/pull/22822,"{""nuclearsandwich"": 1, ""rickstaa"": 1}"
https://github.com/ros/rosdistro/pull/22735,"{""MatthijsBurgh"": 1}"
https://github.com/ros/rosdistro/pull/22725,"{""StefanFabian"": 2, ""tfoote"": 2}"
https://github.com/ros/rosdistro/pull/22623,"{""nuclearsandwich"": 1, ""timrobotson"": 1}"
https://github.com/ros/rosdistro/pull/22264,"{""cottsay"": 1, ""nuclearsandwich"": 1, ""benmaidel"": 1}"
https://github.com/ros/rosdistro/pull/22129,"{""nuclearsandwich"": 4, ""cottsay"": 5, ""tfoote"": 2}"
https://github.com/ros/rosdistro/pull/22028,"{""cottsay"": 3, ""tfoote"": 1}"
https://github.com/ros/rosdistro/pull/22022,"{""nuclearsandwich"": 3, ""SamLyuubc"": 1, ""cottsay"": 1}"
https://github.com/ros/rosdistro/pull/22011,"{""nuclearsandwich"": 3, ""dirk-thomas"": 4, ""cottsay"": 3}"
https://github.com/ros/rosdistro/pull/21906,"{""tfoote"": 1, ""clalancette"": 4, ""ruffsl"": 3}"
https://github.com/ros/rosdistro/pull/21847,"{""nuclearsandwich"": 1, ""cottsay"": 1}"
https://github.com/ros/rosdistro/pull/21791,"{""nuclearsandwich"": 2, ""tfoote"": 1, ""floweisshardt"": 2}"
https://github.com/ros/rosdistro/pull/21680,"{""nuclearsandwich"": 1, ""tgaspar"": 2}"
https://github.com/ros/rosdistro/pull/21613,"{""clalancette"": 2, ""christophebedard"": 1}"
https://github.com/ros/rosdistro/pull/21570,"{""mitsudome-r"": 1, ""gbiggs"": 1, ""JWhitleyWork"": 2, ""clalancette"": 1, ""poggenhans"": 1}"
https://github.com/ros/rosdistro/pull/21509,"{""tfoote"": 1, ""joselusl"": 2, ""mitsudome-r"": 2, ""clalancette"": 1}"
https://github.com/ros/rosdistro/pull/21462,"{""tfoote"": 1}"
https://github.com/ros/rosdistro/pull/21439,"{""cottsay"": 1}"
https://github.com/ros/rosdistro/pull/21335,"{""Vuwij"": 1, ""tfoote"": 1}"
https://github.com/ros/rosdistro/pull/21333,"{""clalancette"": 1}"
https://github.com/ros/rosdistro/pull/21332,"{""clalancette"": 1, ""wxmerkt"": 2, ""tfoote"": 2}"
https://github.com/ros/rosdistro/pull/21244,"{""nuclearsandwich"": 2, ""cottsay"": 2, ""fmessmer"": 3, ""tfoote"": 1}"
https://github.com/ros/rosdistro/pull/21239,"{""130s"": 2, ""tfoote"": 2}"
https://github.com/ros/rosdistro/pull/21235,"{""nuclearsandwich"": 1, ""sfalexrog"": 1}"
https://github.com/ros/rosdistro/pull/21229,"{""nuclearsandwich"": 1}"
https://github.com/ros/rosdistro/pull/21224,"{""nuclearsandwich"": 1, ""cottsay"": 1}"
https://github.com/ros/rosdistro/pull/21222,"{""nuclearsandwich"": 2, ""cottsay"": 1}"
https://github.com/ros/rosdistro/pull/21219,"{""nuclearsandwich"": 1, ""tonybaltovski"": 1, ""cottsay"": 1}"
https://github.com/ros/rosdistro/pull/21216,"{""nuclearsandwich"": 2, ""cottsay"": 2}"
https://github.com/ros/rosdistro/pull/21210,"{""nuclearsandwich"": 1}"
https://github.com/ros/rosdistro/pull/21209,"{""nuclearsandwich"": 1, ""clalancette"": 1}"
https://github.com/ros/rosdistro/pull/21207,"{""nuclearsandwich"": 1, ""clalancette"": 1}"
https://github.com/ros/rosdistro/pull/21206,"{""nuclearsandwich"": 1}"
https://github.com/ros/rosdistro/pull/21205,"{""nuclearsandwich"": 1, ""sloretz"": 1, ""BMarchi"": 1}"
https://github.com/ros/rosdistro/pull/21204,"{""nuclearsandwich"": 1}"
https://github.com/ros/rosdistro/pull/21203,"{""nuclearsandwich"": 3}"
https://github.com/ros/rosdistro/pull/21202,"{""nuclearsandwich"": 2}"
https://github.com/ros/rosdistro/pull/21105,"{""nuclearsandwich"": 1}"
https://github.com/ros/rosdistro/pull/21104,"{""sloretz"": 1, ""yotabits"": 1, ""tfoote"": 1}"
https://github.com/ros/rosdistro/pull/21095,"{""tfoote"": 3, ""russkel"": 8, ""nuclearsandwich"": 5}"
https://github.com/ros/rosdistro/pull/21034,"{""cottsay"": 2}"
https://github.com/ros/rosdistro/pull/21024,"{""nuclearsandwich"": 4, ""yotabits"": 1, ""tfoote"": 2, ""clalancette"": 1}"
https://github.com/ros/rosdistro/pull/21020,"{""nuclearsandwich"": 1, ""yotabits"": 1}"
https://github.com/ros/rosdistro/pull/20999,"{""nuclearsandwich"": 1}"
https://github.com/ros/rosdistro/pull/20998,"{""cottsay"": 1}"
https://github.com/ros/rosdistro/pull/20955,"{""cottsay"": 1, ""iluetkeb"": 1, ""nuclearsandwich"": 2, ""tfoote"": 1}"
https://github.com/ros/rosdistro/pull/20946,"{""sloretz"": 1, ""tfoote"": 1}"
https://github.com/ros/rosdistro/pull/20944,"{""cottsay"": 1}"
https://github.com/ros/rosdistro/pull/20788,"{""cottsay"": 2, ""mgruhler"": 1}"
https://github.com/ros/rosdistro/pull/20781,"{""nuclearsandwich"": 1, ""tfoote"": 1, ""DaikiMaekawa"": 1}"
https://github.com/ros/rosdistro/pull/20779,"{""tfoote"": 2, ""Vuwij"": 1}"
https://github.com/ros/rosdistro/pull/20763,"{""andre-rosa"": 8, ""tfoote"": 12, ""cottsay"": 2, ""allenh1"": 2}"
https://github.com/ros/rosdistro/pull/20643,"{""tfoote"": 2, ""peci1"": 2, ""sloretz"": 1}"
https://github.com/ros/rosdistro/pull/20642,"{""tfoote"": 3, ""k-okada"": 3, ""cottsay"": 1}"
https://github.com/ros/rosdistro/pull/20608,"{""cottsay"": 1}"
https://github.com/ros/rosdistro/pull/20590,"{""norro"": 5, ""tfoote"": 5, ""cottsay"": 1, ""nuclearsandwich"": 1}"
https://github.com/ros/rosdistro/pull/20586,"{""cottsay"": 1, ""tprasadtp"": 1, ""nuclearsandwich"": 1}"
https://github.com/ros/rosdistro/pull/20492,"{""nuclearsandwich"": 3, ""peci1"": 3, ""tfoote"": 5}"
https://github.com/ros/rosdistro/pull/20491,"{""nuclearsandwich"": 3, ""130s"": 2, ""tfoote"": 1}"
https://github.com/ros/rosdistro/pull/20466,"{""tfoote"": 1}"
https://github.com/ros/rosdistro/pull/20461,"{""gavanderhoorn"": 2, ""nuclearsandwich"": 1, ""cottsay"": 1}"
https://github.com/ros/rosdistro/pull/20438,"{""tfoote"": 1, ""benmaidel"": 1}"
https://github.com/ros/rosdistro/pull/20426,"{""tfoote"": 1, ""gavanderhoorn"": 3, ""nuclearsandwich"": 3}"
https://github.com/ros/rosdistro/pull/20339,"{""tfoote"": 2, ""vzts"": 2}"
https://github.com/ros/rosdistro/pull/20298,"{""cottsay"": 4, ""clalancette"": 2, ""nuclearsandwich"": 2}"
https://github.com/ros/rosdistro/pull/20099,"{""tfoote"": 1, ""cottsay"": 1}"
https://github.com/ros/rosdistro/pull/20002,"{""cottsay"": 1, ""tfoote"": 4, ""Timple"": 3}"
https://github.com/ros/rosdistro/pull/19994,"{""cottsay"": 1}"
https://github.com/ros/rosdistro/pull/19976,"{""tfoote"": 1}"
https://github.com/ros/rosdistro/pull/19965,"{""cottsay"": 1, ""tfoote"": 1, ""samuelba"": 1}"
https://github.com/ros/rosdistro/pull/19944,"{""tfoote"": 2, ""tgaspar"": 1}"
https://github.com/ros/rosdistro/pull/19914,"{""tfoote"": 2, ""veimox"": 2}"
