pr_url,chained_modifications_types,issue_types
https://github.com/ros/rosdistro/pull/29176,lint,A.1
https://github.com/ros/rosdistro/pull/26642,lint,B.1
https://github.com/ros/rosdistro/pull/20738,B.1,B.1
https://github.com/ros/rosdistro/pull/19567,lint,A.1
https://github.com/ros/rosdistro/pull/45554,lint,A.1
https://github.com/ros/rosdistro/pull/45387,B.1,A.1
https://github.com/ros/rosdistro/pull/45319,No modifications found,A.2
https://github.com/ros/rosdistro/pull/45306,A.2,A.1
https://github.com/ros/rosdistro/pull/45277,A.2,A.1
https://github.com/ros/rosdistro/pull/45167,A.2,A.1
https://github.com/ros/rosdistro/pull/45164,B.1,A.1
https://github.com/ros/rosdistro/pull/45115,No modifications found,A.1
https://github.com/ros/rosdistro/pull/45085,"B.2, A.2, B.1",A.1
https://github.com/ros/rosdistro/pull/45084,"A.2, B.1",A.1
https://github.com/ros/rosdistro/pull/45035,lint,B.1
https://github.com/ros/rosdistro/pull/44989,B.1,A.1
https://github.com/ros/rosdistro/pull/44988,A.2,A.1
https://github.com/ros/rosdistro/pull/44984,lint,A.1
https://github.com/ros/rosdistro/pull/44918,lint,A.1
https://github.com/ros/rosdistro/pull/44839,B.1,A.1
https://github.com/ros/rosdistro/pull/44759,lint,A.1
https://github.com/ros/rosdistro/pull/44757,No modifications found,A.1
https://github.com/ros/rosdistro/pull/44743,No modifications found,A.1
https://github.com/ros/rosdistro/pull/44741,No modifications found,A.1
https://github.com/ros/rosdistro/pull/44672,A.2,A.1
https://github.com/ros/rosdistro/pull/44654,B.1,A.1
https://github.com/ros/rosdistro/pull/44508,lint,A.1
https://github.com/ros/rosdistro/pull/44501,A.2,A.1
https://github.com/ros/rosdistro/pull/44427,lint,A.2
https://github.com/ros/rosdistro/pull/44396,lint,A.1
https://github.com/ros/rosdistro/pull/44327,lint,A.1
https://github.com/ros/rosdistro/pull/44305,lint,A.1
https://github.com/ros/rosdistro/pull/44301,A.2,A.1
https://github.com/ros/rosdistro/pull/44181,lint,A.1
https://github.com/ros/rosdistro/pull/44166,lint,A.1
https://github.com/ros/rosdistro/pull/44119,A.2,A.1
https://github.com/ros/rosdistro/pull/44039,lint,A.1
https://github.com/ros/rosdistro/pull/44037,lint,A.1
https://github.com/ros/rosdistro/pull/43942,B.1,A.2
https://github.com/ros/rosdistro/pull/43904,lint,A.2
https://github.com/ros/rosdistro/pull/43720,"A.2, B.1",A.1
https://github.com/ros/rosdistro/pull/43539,A.2,A.1
https://github.com/ros/rosdistro/pull/43530,lint,A.1
https://github.com/ros/rosdistro/pull/43511,B.1,"A.2, B.1"
https://github.com/ros/rosdistro/pull/43502,"A.2, B.2",A.1
https://github.com/ros/rosdistro/pull/43485,B.2,A.1
https://github.com/ros/rosdistro/pull/43466,B.1,A.1
https://github.com/ros/rosdistro/pull/43463,lint,A.1
https://github.com/ros/rosdistro/pull/43462,"A.2, B.1",A.1
https://github.com/ros/rosdistro/pull/43391,B.2,A.1
https://github.com/ros/rosdistro/pull/43386,"A.2, B.1",A.1
https://github.com/ros/rosdistro/pull/43327,B.2,A.1
https://github.com/ros/rosdistro/pull/43326,B.1,A.1
https://github.com/ros/rosdistro/pull/43254,B.1,A.2
https://github.com/ros/rosdistro/pull/43253,A.2,A.1
https://github.com/ros/rosdistro/pull/43190,B.1,A.1
https://github.com/ros/rosdistro/pull/43167,B.1,"A.2, A.1"
https://github.com/ros/rosdistro/pull/43023,B.1,A.2
https://github.com/ros/rosdistro/pull/42870,No modifications found,A.1
https://github.com/ros/rosdistro/pull/42823,lint,A.1
https://github.com/ros/rosdistro/pull/42683,"A.2, B.1",A.1
https://github.com/ros/rosdistro/pull/42483,A.2,A.1
https://github.com/ros/rosdistro/pull/42428,A.2,A.1
https://github.com/ros/rosdistro/pull/42353,B.2,A.1
https://github.com/ros/rosdistro/pull/42352,lint,"A.2, A.1"
https://github.com/ros/rosdistro/pull/42315,A.2,A.1
https://github.com/ros/rosdistro/pull/42280,"A.2, B.1",A.1
https://github.com/ros/rosdistro/pull/42206,B.1,"A.2, B.1"
https://github.com/ros/rosdistro/pull/42144,lint,A.1
https://github.com/ros/rosdistro/pull/41981,B.1,"A.2, B.1"
https://github.com/ros/rosdistro/pull/41979,lint,A.1
https://github.com/ros/rosdistro/pull/41977,lint,A.1
https://github.com/ros/rosdistro/pull/41961,lint,A.1
https://github.com/ros/rosdistro/pull/41960,lint,A.1
https://github.com/ros/rosdistro/pull/41947,B.1,A.1
https://github.com/ros/rosdistro/pull/41887,A.2,A.1
https://github.com/ros/rosdistro/pull/41741,"A.2, B.1",A.1
https://github.com/ros/rosdistro/pull/41599,"B.2, B.1, A.2",A.1
https://github.com/ros/rosdistro/pull/41591,"A.2, B.1",B.1
https://github.com/ros/rosdistro/pull/41577,"A.2, B.1",A.1
https://github.com/ros/rosdistro/pull/41550,B.1,B.1
https://github.com/ros/rosdistro/pull/41519,B.1,A.1
https://github.com/ros/rosdistro/pull/41466,No modifications found,A.2
https://github.com/ros/rosdistro/pull/41445,No modifications found,A.1
https://github.com/ros/rosdistro/pull/41432,A.2,A.1
https://github.com/ros/rosdistro/pull/41307,lint,A.1
https://github.com/ros/rosdistro/pull/41305,lint,A.1
https://github.com/ros/rosdistro/pull/41304,B.1,A.1
https://github.com/ros/rosdistro/pull/41262,lint,A.1
https://github.com/ros/rosdistro/pull/41254,lint,A.1
https://github.com/ros/rosdistro/pull/41219,lint,A.1
https://github.com/ros/rosdistro/pull/41129,A.2,A.1
https://github.com/ros/rosdistro/pull/41102,A.2,A.1
https://github.com/ros/rosdistro/pull/41063,lint,A.1
https://github.com/ros/rosdistro/pull/41062,No modifications found,A.1
https://github.com/ros/rosdistro/pull/40865,A.2,A.1
https://github.com/ros/rosdistro/pull/40861,A.2,A.2
https://github.com/ros/rosdistro/pull/40834,No modifications found,"A.2, B.1"
https://github.com/ros/rosdistro/pull/40809,lint,A.1
https://github.com/ros/rosdistro/pull/40772,lint,A.1
https://github.com/ros/rosdistro/pull/40750,B.2,A.1
https://github.com/ros/rosdistro/pull/40747,A.2,A.1
https://github.com/ros/rosdistro/pull/40651,"B.2, A.2, B.1",A.1
https://github.com/ros/rosdistro/pull/40646,A.2,A.1
https://github.com/ros/rosdistro/pull/40599,lint,A.1
https://github.com/ros/rosdistro/pull/40543,lint,A.1
https://github.com/ros/rosdistro/pull/40529,A.2,A.1
https://github.com/ros/rosdistro/pull/40464,B.1,A.1
https://github.com/ros/rosdistro/pull/40318,B.1,"A.2, B.1"
https://github.com/ros/rosdistro/pull/40304,B.1,B.1
https://github.com/ros/rosdistro/pull/40285,A.2,A.1
https://github.com/ros/rosdistro/pull/40284,"A.2, B.1",A.1
https://github.com/ros/rosdistro/pull/40283,"A.2, B.1",A.1
https://github.com/ros/rosdistro/pull/40281,A.2,A.1
https://github.com/ros/rosdistro/pull/40264,No modifications found,A.1
https://github.com/ros/rosdistro/pull/40241,lint,A.1
https://github.com/ros/rosdistro/pull/40201,A.2,A.1
https://github.com/ros/rosdistro/pull/40170,lint,A.1
https://github.com/ros/rosdistro/pull/40105,A.2,A.2
https://github.com/ros/rosdistro/pull/40012,No modifications found,A.2
https://github.com/ros/rosdistro/pull/39905,A.2,A.1
https://github.com/ros/rosdistro/pull/39902,B.1,A.1
https://github.com/ros/rosdistro/pull/39868,lint,A.2
https://github.com/ros/rosdistro/pull/39791,lint,A.1
https://github.com/ros/rosdistro/pull/39768,"A.2, B.1",A.1
https://github.com/ros/rosdistro/pull/39712,"A.2, B.1",A.1
https://github.com/ros/rosdistro/pull/39702,lint,A.1
https://github.com/ros/rosdistro/pull/39512,"A.2, B.1",A.1
https://github.com/ros/rosdistro/pull/39400,"A.2, B.1",A.1
https://github.com/ros/rosdistro/pull/39399,No modifications found,A.1
https://github.com/ros/rosdistro/pull/39395,"A.2, B.1",A.1
https://github.com/ros/rosdistro/pull/39306,A.2,A.1
https://github.com/ros/rosdistro/pull/39236,A.2,A.1
https://github.com/ros/rosdistro/pull/39203,No modifications found,B.1
https://github.com/ros/rosdistro/pull/39010,lint,A.2
https://github.com/ros/rosdistro/pull/38933,A.2,A.1
https://github.com/ros/rosdistro/pull/38924,A.2,A.1
https://github.com/ros/rosdistro/pull/38858,B.2,A.1
https://github.com/ros/rosdistro/pull/38843,No modifications found,"A.2, B.1"
https://github.com/ros/rosdistro/pull/38821,No modifications found,A.1
https://github.com/ros/rosdistro/pull/38816,A.2,A.1
https://github.com/ros/rosdistro/pull/38801,B.1,A.1
https://github.com/ros/rosdistro/pull/38754,B.1,A.1
https://github.com/ros/rosdistro/pull/38546,A.2,A.1
https://github.com/ros/rosdistro/pull/38543,B.1,A.1
https://github.com/ros/rosdistro/pull/38540,B.1,A.2
https://github.com/ros/rosdistro/pull/38406,A.2,A.1
https://github.com/ros/rosdistro/pull/38383,A.2,A.1
https://github.com/ros/rosdistro/pull/38360,A.2,A.1
https://github.com/ros/rosdistro/pull/38353,No modifications found,A.1
https://github.com/ros/rosdistro/pull/38244,B.1,A.1
https://github.com/ros/rosdistro/pull/38239,A.2,A.1
https://github.com/ros/rosdistro/pull/38202,A.2,A.1
https://github.com/ros/rosdistro/pull/38185,A.2,A.1
https://github.com/ros/rosdistro/pull/38180,lint,A.1
https://github.com/ros/rosdistro/pull/38178,lint,A.2
https://github.com/ros/rosdistro/pull/38148,A.2,A.1
https://github.com/ros/rosdistro/pull/38142,lint,A.1
https://github.com/ros/rosdistro/pull/38136,lint,A.2
https://github.com/ros/rosdistro/pull/38133,"A.2, B.1",A.1
https://github.com/ros/rosdistro/pull/38119,B.2,A.1
https://github.com/ros/rosdistro/pull/38088,"A.2, B.1",A.1
https://github.com/ros/rosdistro/pull/38066,A.2,A.1
https://github.com/ros/rosdistro/pull/38056,A.2,A.1
https://github.com/ros/rosdistro/pull/37826,A.2,A.1
https://github.com/ros/rosdistro/pull/37824,A.2,A.1
https://github.com/ros/rosdistro/pull/37728,No modifications found,A.1
https://github.com/ros/rosdistro/pull/37726,No modifications found,A.1
https://github.com/ros/rosdistro/pull/37702,lint,A.1
https://github.com/ros/rosdistro/pull/37661,lint,B.1
https://github.com/ros/rosdistro/pull/37651,A.2,A.1
https://github.com/ros/rosdistro/pull/37626,lint,A.1
https://github.com/ros/rosdistro/pull/37580,A.2,A.1
https://github.com/ros/rosdistro/pull/37549,lint,A.1
https://github.com/ros/rosdistro/pull/37509,B.1,B.1
https://github.com/ros/rosdistro/pull/37485,lint,A.1
https://github.com/ros/rosdistro/pull/37308,A.2,A.2
https://github.com/ros/rosdistro/pull/37254,A.2,A.1
https://github.com/ros/rosdistro/pull/37226,"A.2, B.1",A.1
https://github.com/ros/rosdistro/pull/37218,lint,A.1
https://github.com/ros/rosdistro/pull/37171,B.1,A.1
https://github.com/ros/rosdistro/pull/37167,A.2,A.1
https://github.com/ros/rosdistro/pull/37158,B.2,A.1
https://github.com/ros/rosdistro/pull/37139,A.2,A.1
https://github.com/ros/rosdistro/pull/37138,A.2,A.1
https://github.com/ros/rosdistro/pull/37095,A.2,A.1
https://github.com/ros/rosdistro/pull/37094,A.2,A.1
https://github.com/ros/rosdistro/pull/37014,A.2,A.1
https://github.com/ros/rosdistro/pull/36970,"B.2, A.2, B.1",A.1
https://github.com/ros/rosdistro/pull/36948,A.2,A.1
https://github.com/ros/rosdistro/pull/36941,No modifications found,A.2
https://github.com/ros/rosdistro/pull/36840,No modifications found,A.2
https://github.com/ros/rosdistro/pull/36802,No modifications found,A.1
https://github.com/ros/rosdistro/pull/36801,No modifications found,A.1
https://github.com/ros/rosdistro/pull/36798,No modifications found,A.2
https://github.com/ros/rosdistro/pull/36762,No modifications found,A.1
https://github.com/ros/rosdistro/pull/36753,lint,A.2
https://github.com/ros/rosdistro/pull/36752,lint,A.2
https://github.com/ros/rosdistro/pull/36751,lint,A.2
https://github.com/ros/rosdistro/pull/36750,lint,A.2
https://github.com/ros/rosdistro/pull/36747,lint,A.2
https://github.com/ros/rosdistro/pull/36714,A.2,A.2
https://github.com/ros/rosdistro/pull/36704,No modifications found,B.1
https://github.com/ros/rosdistro/pull/36603,lint,A.2
https://github.com/ros/rosdistro/pull/36590,B.2,A.1
https://github.com/ros/rosdistro/pull/36561,A.2,A.1
https://github.com/ros/rosdistro/pull/36497,B.1,B.1
https://github.com/ros/rosdistro/pull/36474,No modifications found,A.1
https://github.com/ros/rosdistro/pull/36469,lint,B.1
https://github.com/ros/rosdistro/pull/36451,B.1,A.2
https://github.com/ros/rosdistro/pull/36406,lint,A.1
https://github.com/ros/rosdistro/pull/36324,lint,A.1
https://github.com/ros/rosdistro/pull/36300,lint,A.2
https://github.com/ros/rosdistro/pull/36290,B.1,A.1
https://github.com/ros/rosdistro/pull/36262,No modifications found,A.2
https://github.com/ros/rosdistro/pull/36222,No modifications found,A.1
https://github.com/ros/rosdistro/pull/36216,lint,A.1
https://github.com/ros/rosdistro/pull/36164,"B.2, A.2, B.1",B.2
https://github.com/ros/rosdistro/pull/36071,"B.2, A.2, B.1",A.1
https://github.com/ros/rosdistro/pull/36052,No modifications found,A.1
https://github.com/ros/rosdistro/pull/36016,A.2,A.1
https://github.com/ros/rosdistro/pull/35931,A.2,A.1
https://github.com/ros/rosdistro/pull/35852,B.1,A.1
https://github.com/ros/rosdistro/pull/35838,No modifications found,A.1
https://github.com/ros/rosdistro/pull/35827,"B.2, B.1",A.1
https://github.com/ros/rosdistro/pull/35815,B.2,A.1
https://github.com/ros/rosdistro/pull/35789,"A.2, B.1",A.1
https://github.com/ros/rosdistro/pull/35708,lint,A.1
https://github.com/ros/rosdistro/pull/35688,A.2,A.1
https://github.com/ros/rosdistro/pull/35671,"A.2, B.1",A.1
https://github.com/ros/rosdistro/pull/35657,lint,A.1
https://github.com/ros/rosdistro/pull/35519,"A.2, B.1",A.1
https://github.com/ros/rosdistro/pull/35491,A.2,A.1
https://github.com/ros/rosdistro/pull/35458,"A.2, B.1",A.1
https://github.com/ros/rosdistro/pull/35453,"A.2, B.1",A.1
https://github.com/ros/rosdistro/pull/35438,B.2,A.1
https://github.com/ros/rosdistro/pull/35420,B.1,A.1
https://github.com/ros/rosdistro/pull/35326,"A.2, B.1","A.1, B.2"
https://github.com/ros/rosdistro/pull/35302,No modifications found,A.2
https://github.com/ros/rosdistro/pull/35289,"A.2, B.1",A.1
https://github.com/ros/rosdistro/pull/35284,"B.2, B.1",A.2
https://github.com/ros/rosdistro/pull/35197,"A.2, B.1",A.1
https://github.com/ros/rosdistro/pull/35193,B.1,A.2
https://github.com/ros/rosdistro/pull/35110,No modifications found,A.1
https://github.com/ros/rosdistro/pull/35106,"A.2, B.1",A.1
https://github.com/ros/rosdistro/pull/35007,A.2,A.1
https://github.com/ros/rosdistro/pull/34978,lint,B.1
https://github.com/ros/rosdistro/pull/34963,A.2,A.1
https://github.com/ros/rosdistro/pull/34853,A.2,A.1
https://github.com/ros/rosdistro/pull/34797,No modifications found,A.2
https://github.com/ros/rosdistro/pull/34796,B.1,A.2
https://github.com/ros/rosdistro/pull/34786,A.2,A.1
https://github.com/ros/rosdistro/pull/34703,B.2,A.1
https://github.com/ros/rosdistro/pull/34616,"A.2, B.1",A.1
https://github.com/ros/rosdistro/pull/34462,A.2,A.1
https://github.com/ros/rosdistro/pull/34443,B.1,A.2
https://github.com/ros/rosdistro/pull/34442,B.1,A.2
https://github.com/ros/rosdistro/pull/34433,"A.2, B.1",A.1
https://github.com/ros/rosdistro/pull/34313,B.1,A.2
https://github.com/ros/rosdistro/pull/34293,lint,A.1
https://github.com/ros/rosdistro/pull/34273,A.2,A.1
https://github.com/ros/rosdistro/pull/34254,A.2,B.1
https://github.com/ros/rosdistro/pull/34253,B.2,A.1
https://github.com/ros/rosdistro/pull/34247,"A.2, B.1",A.2
https://github.com/ros/rosdistro/pull/34246,A.2,A.1
https://github.com/ros/rosdistro/pull/34243,"A.2, B.1",A.1
https://github.com/ros/rosdistro/pull/34205,A.2,A.1
https://github.com/ros/rosdistro/pull/34204,A.2,A.1
https://github.com/ros/rosdistro/pull/34177,No modifications found,A.1
https://github.com/ros/rosdistro/pull/34093,lint,A.1
https://github.com/ros/rosdistro/pull/33996,"A.2, B.1",A.1
https://github.com/ros/rosdistro/pull/33988,B.1,A.1
https://github.com/ros/rosdistro/pull/33894,A.2,A.1
https://github.com/ros/rosdistro/pull/33824,lint,B.1
https://github.com/ros/rosdistro/pull/33810,B.1,A.1
https://github.com/ros/rosdistro/pull/33791,"A.2, B.1",A.1
https://github.com/ros/rosdistro/pull/33788,A.2,A.1
https://github.com/ros/rosdistro/pull/33726,B.2,A.1
https://github.com/ros/rosdistro/pull/33717,lint,A.1
https://github.com/ros/rosdistro/pull/33681,B.2,A.1
https://github.com/ros/rosdistro/pull/33679,lint,A.1
https://github.com/ros/rosdistro/pull/33678,B.1,"A.2, B.1"
https://github.com/ros/rosdistro/pull/33516,lint,A.2
https://github.com/ros/rosdistro/pull/33405,lint,A.1
https://github.com/ros/rosdistro/pull/33403,A.2,A.1
https://github.com/ros/rosdistro/pull/33248,B.2,A.1
https://github.com/ros/rosdistro/pull/33225,A.2,A.1
https://github.com/ros/rosdistro/pull/33110,"A.2, B.1","A.2, B.1"
https://github.com/ros/rosdistro/pull/33106,A.2,A.1
https://github.com/ros/rosdistro/pull/33091,"B.2, A.2, B.1",B.2
https://github.com/ros/rosdistro/pull/33017,"B.2, A.2",A.1
https://github.com/ros/rosdistro/pull/32910,No modifications found,A.1
https://github.com/ros/rosdistro/pull/32898,B.2,A.1
https://github.com/ros/rosdistro/pull/32876,B.2,A.1
https://github.com/ros/rosdistro/pull/32838,lint,"A.2, A.1"
https://github.com/ros/rosdistro/pull/32792,lint,A.1
https://github.com/ros/rosdistro/pull/32780,A.2,A.1
https://github.com/ros/rosdistro/pull/32748,No modifications found,A.1
https://github.com/ros/rosdistro/pull/32702,B.1,A.1
https://github.com/ros/rosdistro/pull/32698,B.2,A.1
https://github.com/ros/rosdistro/pull/32683,B.2,A.1
https://github.com/ros/rosdistro/pull/32533,B.1,A.1
https://github.com/ros/rosdistro/pull/32508,lint,A.1
https://github.com/ros/rosdistro/pull/32499,B.1,A.1
https://github.com/ros/rosdistro/pull/32481,A.2,"A.2, A.1"
https://github.com/ros/rosdistro/pull/32470,lint,A.2
https://github.com/ros/rosdistro/pull/32469,A.2,A.1
https://github.com/ros/rosdistro/pull/32430,B.1,A.1
https://github.com/ros/rosdistro/pull/32384,A.2,A.1
https://github.com/ros/rosdistro/pull/32306,B.1,A.2
https://github.com/ros/rosdistro/pull/32274,lint,A.1
https://github.com/ros/rosdistro/pull/32259,A.2,A.1
https://github.com/ros/rosdistro/pull/32226,A.2,A.1
https://github.com/ros/rosdistro/pull/32175,"A.2, B.1",A.1
https://github.com/ros/rosdistro/pull/32091,A.2,A.1
https://github.com/ros/rosdistro/pull/32010,lint,A.1
https://github.com/ros/rosdistro/pull/32004,A.2,A.1
https://github.com/ros/rosdistro/pull/32002,A.2,A.1
https://github.com/ros/rosdistro/pull/31995,B.1,B.1
https://github.com/ros/rosdistro/pull/31932,A.2,A.1
https://github.com/ros/rosdistro/pull/31929,A.2,A.1
https://github.com/ros/rosdistro/pull/31735,B.2,A.1
https://github.com/ros/rosdistro/pull/31699,B.1,"A.2, B.1"
https://github.com/ros/rosdistro/pull/31654,A.2,"A.2, B.1"
https://github.com/ros/rosdistro/pull/31624,B.2,A.1
https://github.com/ros/rosdistro/pull/31623,"A.2, B.1",A.2
https://github.com/ros/rosdistro/pull/31564,A.2,A.1
https://github.com/ros/rosdistro/pull/31561,lint,"A.2, B.1"
https://github.com/ros/rosdistro/pull/31559,A.2,"A.2, B.1"
https://github.com/ros/rosdistro/pull/31527,lint,A.1
https://github.com/ros/rosdistro/pull/31523,A.2,A.1
https://github.com/ros/rosdistro/pull/31512,A.2,A.1
https://github.com/ros/rosdistro/pull/31511,A.2,A.1
https://github.com/ros/rosdistro/pull/31488,B.1,A.2
https://github.com/ros/rosdistro/pull/31455,lint,A.1
https://github.com/ros/rosdistro/pull/31454,No modifications found,A.1
https://github.com/ros/rosdistro/pull/31432,A.2,A.1
https://github.com/ros/rosdistro/pull/31412,A.2,A.1
https://github.com/ros/rosdistro/pull/31394,lint,A.1
https://github.com/ros/rosdistro/pull/31392,lint,A.1
https://github.com/ros/rosdistro/pull/31348,A.2,A.1
https://github.com/ros/rosdistro/pull/31293,lint,"A.2, B.1"
https://github.com/ros/rosdistro/pull/31263,A.2,A.1
https://github.com/ros/rosdistro/pull/31204,"A.2, B.1, B.2",A.1
https://github.com/ros/rosdistro/pull/31201,lint,A.1
https://github.com/ros/rosdistro/pull/31154,A.2,A.1
https://github.com/ros/rosdistro/pull/31151,lint,A.1
https://github.com/ros/rosdistro/pull/31124,A.2,"A.2, A.1"
https://github.com/ros/rosdistro/pull/31013,A.2,A.1
https://github.com/ros/rosdistro/pull/30975,A.2,"A.2, B.1"
https://github.com/ros/rosdistro/pull/30967,"B.2, B.1",A.1
https://github.com/ros/rosdistro/pull/30940,B.1,A.1
https://github.com/ros/rosdistro/pull/30935,B.1,B.1
https://github.com/ros/rosdistro/pull/30901,A.2,A.1
https://github.com/ros/rosdistro/pull/30769,B.1,A.1
https://github.com/ros/rosdistro/pull/30763,lint,A.1
https://github.com/ros/rosdistro/pull/30761,A.2,A.1
https://github.com/ros/rosdistro/pull/30756,B.1,A.1
https://github.com/ros/rosdistro/pull/30751,lint,A.1
https://github.com/ros/rosdistro/pull/30680,A.2,A.1
https://github.com/ros/rosdistro/pull/30612,lint,A.2
https://github.com/ros/rosdistro/pull/30590,lint,A.2
https://github.com/ros/rosdistro/pull/30589,No modifications found,A.2
https://github.com/ros/rosdistro/pull/30586,A.2,"A.2, A.1"
https://github.com/ros/rosdistro/pull/30577,lint,A.1
https://github.com/ros/rosdistro/pull/30576,lint,A.1
https://github.com/ros/rosdistro/pull/30575,lint,A.1
https://github.com/ros/rosdistro/pull/30574,lint,A.1
https://github.com/ros/rosdistro/pull/30505,lint,A.1
https://github.com/ros/rosdistro/pull/30474,lint,A.1
https://github.com/ros/rosdistro/pull/30455,No modifications found,A.1
https://github.com/ros/rosdistro/pull/30454,B.1,A.1
https://github.com/ros/rosdistro/pull/30451,A.2,A.1
https://github.com/ros/rosdistro/pull/30435,B.1,A.2
https://github.com/ros/rosdistro/pull/30409,A.2,A.1
https://github.com/ros/rosdistro/pull/30395,A.2,A.1
https://github.com/ros/rosdistro/pull/30394,A.2,A.1
https://github.com/ros/rosdistro/pull/30358,"B.2, B.1",A.1
https://github.com/ros/rosdistro/pull/30345,"A.2, B.1",A.1
https://github.com/ros/rosdistro/pull/30314,B.1,A.1
https://github.com/ros/rosdistro/pull/30308,lint,A.1
https://github.com/ros/rosdistro/pull/30170,A.2,A.1
https://github.com/ros/rosdistro/pull/30112,A.2,A.1
https://github.com/ros/rosdistro/pull/30036,No modifications found,A.1
https://github.com/ros/rosdistro/pull/30012,No modifications found,A.1
https://github.com/ros/rosdistro/pull/29994,B.1,A.1
https://github.com/ros/rosdistro/pull/29862,"A.2, B.1",A.1
https://github.com/ros/rosdistro/pull/29822,A.2,A.1
https://github.com/ros/rosdistro/pull/29821,A.2,A.1
https://github.com/ros/rosdistro/pull/29809,B.1,A.2
https://github.com/ros/rosdistro/pull/29808,B.1,A.2
https://github.com/ros/rosdistro/pull/29805,lint,A.1
https://github.com/ros/rosdistro/pull/29778,B.1,A.1
https://github.com/ros/rosdistro/pull/29703,A.2,A.1
https://github.com/ros/rosdistro/pull/29663,"A.2, B.1","A.2, B.1"
https://github.com/ros/rosdistro/pull/29620,A.2,A.1
https://github.com/ros/rosdistro/pull/29619,A.2,A.1
https://github.com/ros/rosdistro/pull/29587,B.1,A.1
https://github.com/ros/rosdistro/pull/29571,A.2,A.1
https://github.com/ros/rosdistro/pull/29534,No modifications found,A.2
https://github.com/ros/rosdistro/pull/29514,B.2,A.1
https://github.com/ros/rosdistro/pull/29496,lint,B.1
https://github.com/ros/rosdistro/pull/29459,B.1,A.2
https://github.com/ros/rosdistro/pull/29431,"A.2, B.1",A.1
https://github.com/ros/rosdistro/pull/29426,lint,A.1
https://github.com/ros/rosdistro/pull/29423,lint,A.1
https://github.com/ros/rosdistro/pull/29381,B.1,A.1
https://github.com/ros/rosdistro/pull/29356,A.2,A.1
https://github.com/ros/rosdistro/pull/29318,B.1,A.1
https://github.com/ros/rosdistro/pull/29316,B.1,B.1
https://github.com/ros/rosdistro/pull/29187,lint,A.1
https://github.com/ros/rosdistro/pull/29123,A.2,A.1
https://github.com/ros/rosdistro/pull/29086,"B.2, B.1",A.1
https://github.com/ros/rosdistro/pull/29081,B.1,A.1
https://github.com/ros/rosdistro/pull/29070,No modifications found,A.2
https://github.com/ros/rosdistro/pull/29019,B.1,A.1
https://github.com/ros/rosdistro/pull/28952,A.2,"A.2, B.1"
https://github.com/ros/rosdistro/pull/28939,B.1,B.1
https://github.com/ros/rosdistro/pull/28923,lint,A.1
https://github.com/ros/rosdistro/pull/28854,A.2,A.1
https://github.com/ros/rosdistro/pull/28830,lint,A.1
https://github.com/ros/rosdistro/pull/28817,"A.2, B.1","A.1, B.1"
https://github.com/ros/rosdistro/pull/28802,A.2,B.1
https://github.com/ros/rosdistro/pull/28794,"A.2, B.1",A.1
https://github.com/ros/rosdistro/pull/28642,"A.2, B.1",A.1
https://github.com/ros/rosdistro/pull/28603,lint,A.1
https://github.com/ros/rosdistro/pull/28599,A.2,A.1
https://github.com/ros/rosdistro/pull/28563,A.2,A.1
https://github.com/ros/rosdistro/pull/28495,B.1,A.1
https://github.com/ros/rosdistro/pull/28473,"B.2, A.2, B.1",B.2
https://github.com/ros/rosdistro/pull/28461,lint,A.1
https://github.com/ros/rosdistro/pull/28338,lint,A.1
https://github.com/ros/rosdistro/pull/28318,B.1,A.1
https://github.com/ros/rosdistro/pull/28296,A.2,A.1
https://github.com/ros/rosdistro/pull/28285,A.2,A.1
https://github.com/ros/rosdistro/pull/28283,"A.2, B.1",A.1
https://github.com/ros/rosdistro/pull/28282,B.1,B.1
https://github.com/ros/rosdistro/pull/28280,A.2,A.1
https://github.com/ros/rosdistro/pull/28160,A.2,A.2
https://github.com/ros/rosdistro/pull/28148,B.1,A.1
https://github.com/ros/rosdistro/pull/28065,B.1,A.1
https://github.com/ros/rosdistro/pull/28056,A.2,"A.2, A.1"
https://github.com/ros/rosdistro/pull/28001,B.1,A.1
https://github.com/ros/rosdistro/pull/27990,A.2,A.1
https://github.com/ros/rosdistro/pull/27986,B.1,A.1
https://github.com/ros/rosdistro/pull/27976,lint,A.1
https://github.com/ros/rosdistro/pull/27970,B.1,A.1
https://github.com/ros/rosdistro/pull/27964,B.1,A.1
https://github.com/ros/rosdistro/pull/27930,A.2,A.1
https://github.com/ros/rosdistro/pull/27881,A.2,A.1
https://github.com/ros/rosdistro/pull/27852,"B.2, B.1",A.1
https://github.com/ros/rosdistro/pull/27819,A.2,A.1
https://github.com/ros/rosdistro/pull/27782,"A.2, B.1",A.1
https://github.com/ros/rosdistro/pull/27768,B.1,B.1
https://github.com/ros/rosdistro/pull/27702,lint,A.1
https://github.com/ros/rosdistro/pull/27641,B.1,"A.1, B.1"
https://github.com/ros/rosdistro/pull/27623,"A.2, B.1","A.2, B.1"
https://github.com/ros/rosdistro/pull/27597,B.1,A.1
https://github.com/ros/rosdistro/pull/27583,B.1,A.1
https://github.com/ros/rosdistro/pull/27580,B.2,A.1
https://github.com/ros/rosdistro/pull/27499,"A.2, B.1",A.1
https://github.com/ros/rosdistro/pull/27498,B.1,A.1
https://github.com/ros/rosdistro/pull/27488,B.2,A.1
https://github.com/ros/rosdistro/pull/27390,B.1,A.1
https://github.com/ros/rosdistro/pull/27243,lint,A.1
https://github.com/ros/rosdistro/pull/27195,A.2,A.1
https://github.com/ros/rosdistro/pull/27038,A.2,A.1
https://github.com/ros/rosdistro/pull/27037,lint,A.1
https://github.com/ros/rosdistro/pull/27017,B.1,A.1
https://github.com/ros/rosdistro/pull/26953,A.2,A.1
https://github.com/ros/rosdistro/pull/26922,A.2,A.1
https://github.com/ros/rosdistro/pull/26814,No modifications found,A.2
https://github.com/ros/rosdistro/pull/26778,A.2,A.1
https://github.com/ros/rosdistro/pull/26769,lint,A.1
https://github.com/ros/rosdistro/pull/26768,A.2,A.1
https://github.com/ros/rosdistro/pull/26754,A.2,A.1
https://github.com/ros/rosdistro/pull/26699,B.1,A.1
https://github.com/ros/rosdistro/pull/26683,B.2,A.1
https://github.com/ros/rosdistro/pull/26586,No modifications found,A.1
https://github.com/ros/rosdistro/pull/26574,lint,A.1
https://github.com/ros/rosdistro/pull/26551,lint,A.1
https://github.com/ros/rosdistro/pull/26446,No modifications found,A.1
https://github.com/ros/rosdistro/pull/26328,A.2,A.1
https://github.com/ros/rosdistro/pull/26325,B.1,B.1
https://github.com/ros/rosdistro/pull/26308,A.2,A.1
https://github.com/ros/rosdistro/pull/26226,lint,A.1
https://github.com/ros/rosdistro/pull/26215,"A.2, B.1",A.1
https://github.com/ros/rosdistro/pull/26143,A.2,A.1
https://github.com/ros/rosdistro/pull/26056,B.1,A.1
https://github.com/ros/rosdistro/pull/25995,No modifications found,"A.2, A.1, B.1"
https://github.com/ros/rosdistro/pull/25988,A.2,A.1
https://github.com/ros/rosdistro/pull/25920,A.2,A.1
https://github.com/ros/rosdistro/pull/25892,lint,A.1
https://github.com/ros/rosdistro/pull/25761,A.2,A.1
https://github.com/ros/rosdistro/pull/25757,B.1,A.1
https://github.com/ros/rosdistro/pull/25736,lint,A.1
https://github.com/ros/rosdistro/pull/25718,"A.2, B.1","A.2, B.1"
https://github.com/ros/rosdistro/pull/25689,lint,A.1
https://github.com/ros/rosdistro/pull/25617,lint,"A.2, A.1"
https://github.com/ros/rosdistro/pull/25610,B.1,A.1
https://github.com/ros/rosdistro/pull/25596,B.2,A.1
https://github.com/ros/rosdistro/pull/25556,A.2,A.1
https://github.com/ros/rosdistro/pull/25541,A.2,A.1
https://github.com/ros/rosdistro/pull/25533,B.1,A.1
https://github.com/ros/rosdistro/pull/25503,lint,A.1
https://github.com/ros/rosdistro/pull/25482,B.1,"A.2, A.1, B.1"
https://github.com/ros/rosdistro/pull/25474,lint,A.1
https://github.com/ros/rosdistro/pull/25377,No modifications found,A.1
https://github.com/ros/rosdistro/pull/25370,No modifications found,A.1
https://github.com/ros/rosdistro/pull/25369,A.2,A.1
https://github.com/ros/rosdistro/pull/25296,lint,A.1
https://github.com/ros/rosdistro/pull/25263,B.1,A.1
https://github.com/ros/rosdistro/pull/25257,lint,A.2
https://github.com/ros/rosdistro/pull/25204,B.1,A.1
https://github.com/ros/rosdistro/pull/25173,A.2,A.1
https://github.com/ros/rosdistro/pull/25170,No modifications found,A.1
https://github.com/ros/rosdistro/pull/25140,lint,A.2
https://github.com/ros/rosdistro/pull/25120,B.1,"A.2, B.1"
https://github.com/ros/rosdistro/pull/25075,A.2,A.2
https://github.com/ros/rosdistro/pull/25055,"A.2, B.1",A.1
https://github.com/ros/rosdistro/pull/24982,A.2,A.1
https://github.com/ros/rosdistro/pull/24954,A.2,A.1
https://github.com/ros/rosdistro/pull/24934,lint,"A.2, A.1"
https://github.com/ros/rosdistro/pull/24916,lint,"A.2, B.1"
https://github.com/ros/rosdistro/pull/24802,A.2,A.1
https://github.com/ros/rosdistro/pull/24773,B.1,B.1
https://github.com/ros/rosdistro/pull/24762,A.2,A.1
https://github.com/ros/rosdistro/pull/24743,lint,A.1
https://github.com/ros/rosdistro/pull/24742,lint,A.1
https://github.com/ros/rosdistro/pull/24741,lint,A.2
https://github.com/ros/rosdistro/pull/24725,lint,A.1
https://github.com/ros/rosdistro/pull/24699,A.2,A.1
https://github.com/ros/rosdistro/pull/24685,lint,A.1
https://github.com/ros/rosdistro/pull/24627,lint,A.1
https://github.com/ros/rosdistro/pull/24623,B.1,"A.2, A.1, B.1"
https://github.com/ros/rosdistro/pull/24539,B.1,"A.2, B.1"
https://github.com/ros/rosdistro/pull/24447,lint,A.1
https://github.com/ros/rosdistro/pull/24432,"A.2, B.1",A.1
https://github.com/ros/rosdistro/pull/24423,B.1,A.1
https://github.com/ros/rosdistro/pull/24421,"B.2, A.2, B.1",A.1
https://github.com/ros/rosdistro/pull/24416,No modifications found,A.2
https://github.com/ros/rosdistro/pull/24414,A.2,A.1
https://github.com/ros/rosdistro/pull/24346,lint,A.1
https://github.com/ros/rosdistro/pull/24340,A.2,A.1
https://github.com/ros/rosdistro/pull/24331,A.2,A.2
https://github.com/ros/rosdistro/pull/24294,No modifications found,B.1
https://github.com/ros/rosdistro/pull/24292,lint,A.1
https://github.com/ros/rosdistro/pull/24276,A.2,A.1
https://github.com/ros/rosdistro/pull/24275,B.1,A.1
https://github.com/ros/rosdistro/pull/24193,No modifications found,A.2
https://github.com/ros/rosdistro/pull/24171,lint,A.1
https://github.com/ros/rosdistro/pull/24097,lint,A.1
https://github.com/ros/rosdistro/pull/24074,A.2,A.1
https://github.com/ros/rosdistro/pull/24054,No modifications found,A.2
https://github.com/ros/rosdistro/pull/24019,A.2,A.1
https://github.com/ros/rosdistro/pull/24005,A.2,A.1
https://github.com/ros/rosdistro/pull/23996,No modifications found,A.2
https://github.com/ros/rosdistro/pull/23973,lint,A.1
https://github.com/ros/rosdistro/pull/23967,B.1,A.1
https://github.com/ros/rosdistro/pull/23934,lint,A.1
https://github.com/ros/rosdistro/pull/23844,B.1,"A.1, B.1"
https://github.com/ros/rosdistro/pull/23841,lint,A.1
https://github.com/ros/rosdistro/pull/23793,lint,A.1
https://github.com/ros/rosdistro/pull/23706,lint,A.1
https://github.com/ros/rosdistro/pull/23682,B.1,A.1
https://github.com/ros/rosdistro/pull/23646,No modifications found,A.1
https://github.com/ros/rosdistro/pull/23624,B.1,"A.2, A.1, B.1"
https://github.com/ros/rosdistro/pull/23622,No modifications found,A.1
https://github.com/ros/rosdistro/pull/23620,B.1,A.1
https://github.com/ros/rosdistro/pull/23532,B.1,A.1
https://github.com/ros/rosdistro/pull/23528,B.1,A.2
https://github.com/ros/rosdistro/pull/23525,B.1,A.1
https://github.com/ros/rosdistro/pull/23497,No modifications found,A.1
https://github.com/ros/rosdistro/pull/23352,B.1,A.1
https://github.com/ros/rosdistro/pull/23334,No modifications found,A.1
https://github.com/ros/rosdistro/pull/23307,lint,A.1
https://github.com/ros/rosdistro/pull/23169,B.1,A.1
https://github.com/ros/rosdistro/pull/23163,B.1,A.1
https://github.com/ros/rosdistro/pull/23141,No modifications found,A.1
https://github.com/ros/rosdistro/pull/23117,A.2,A.1
https://github.com/ros/rosdistro/pull/22822,lint,A.1
https://github.com/ros/rosdistro/pull/22623,No modifications found,A.1
https://github.com/ros/rosdistro/pull/22264,B.1,A.1
https://github.com/ros/rosdistro/pull/22028,No modifications found,A.2
https://github.com/ros/rosdistro/pull/22022,A.2,A.1
https://github.com/ros/rosdistro/pull/22011,A.2,A.1
https://github.com/ros/rosdistro/pull/21906,B.1,A.1
https://github.com/ros/rosdistro/pull/21791,lint,"A.2, B.1"
https://github.com/ros/rosdistro/pull/21570,lint,A.1
https://github.com/ros/rosdistro/pull/21439,No modifications found,A.2
https://github.com/ros/rosdistro/pull/21332,A.2,A.1
https://github.com/ros/rosdistro/pull/21244,A.2,A.1
https://github.com/ros/rosdistro/pull/21239,lint,A.1
https://github.com/ros/rosdistro/pull/21222,A.2,A.1
https://github.com/ros/rosdistro/pull/21216,No modifications found,B.1
https://github.com/ros/rosdistro/pull/21210,A.2,A.1
https://github.com/ros/rosdistro/pull/21207,A.2,A.1
https://github.com/ros/rosdistro/pull/21206,A.2,A.1
https://github.com/ros/rosdistro/pull/21205,A.2,A.1
https://github.com/ros/rosdistro/pull/21204,A.2,A.1
https://github.com/ros/rosdistro/pull/21203,A.2,A.1
https://github.com/ros/rosdistro/pull/21202,A.2,A.1
https://github.com/ros/rosdistro/pull/21104,A.2,A.1
https://github.com/ros/rosdistro/pull/21095,No modifications found,A.2
https://github.com/ros/rosdistro/pull/21024,A.2,A.1
https://github.com/ros/rosdistro/pull/20999,lint,A.1
https://github.com/ros/rosdistro/pull/20998,A.2,A.1
https://github.com/ros/rosdistro/pull/20955,A.2,A.1
https://github.com/ros/rosdistro/pull/20946,B.1,B.1
https://github.com/ros/rosdistro/pull/20944,A.2,A.1
https://github.com/ros/rosdistro/pull/20788,B.1,A.1
https://github.com/ros/rosdistro/pull/20781,A.2,A.1
https://github.com/ros/rosdistro/pull/20779,lint,A.1
https://github.com/ros/rosdistro/pull/20763,No modifications found,"A.2, B.1"
https://github.com/ros/rosdistro/pull/20643,B.1,"A.2, B.1"
https://github.com/ros/rosdistro/pull/20642,A.2,A.2
https://github.com/ros/rosdistro/pull/20590,B.1,"A.2, A.1"
https://github.com/ros/rosdistro/pull/20586,B.1,A.1
https://github.com/ros/rosdistro/pull/20492,lint,A.1
https://github.com/ros/rosdistro/pull/20461,A.2,A.1
https://github.com/ros/rosdistro/pull/20339,B.1,A.1
