repo_name,repo_owner,title,html_url,comments_count,state,author,created_at,closed_at,labels
rosdistro,ros,Installation Kinetic on MacOS Sierra failed while building 'opencv3',https://github.com/ros/rosdistro/issues/13378,4,closed,aaramirezd,2016-12-09T20:02:14Z,2016-12-22T00:34:43Z,
rosdistro,ros,Installation indigo on OSX failed while building 'nodelet_tutorial_math',https://github.com/ros/rosdistro/issues/13333,24,closed,ejalaa12,2016-12-01T16:59:04Z,2017-08-19T09:41:36Z,
rosdistro,ros,MacOS Sierra - Incompatible OpenCV Version in Kinetic,https://github.com/ros/rosdistro/issues/13298,2,closed,igilitschenski,2016-11-25T09:19:57Z,2016-11-28T18:35:33Z,
rosdistro,ros,python-future not available on Debian Jessie,https://github.com/ros/rosdistro/issues/13199,0,closed,tfoote,2016-11-14T21:44:29Z,2016-11-15T08:34:24Z,
rosdistro,ros,MacOS Sierra - Missing dependency pycurl for urlgrabber,https://github.com/ros/rosdistro/issues/13104,4,closed,spaghetti-,2016-10-29T11:13:09Z,2017-08-14T22:57:51Z,
rosdistro,ros,Rule for zbar missing libffi?,https://github.com/ros/rosdistro/issues/12971,2,closed,chrisspen,2016-10-19T02:25:22Z,2017-01-25T01:50:25Z,
rosdistro,ros,Kinetic : apt-get installation of ros-kinetic-desktop-full throws openni / libpcl errors ,https://github.com/ros/rosdistro/issues/12950,1,closed,katanachan,2016-10-15T09:15:58Z,2016-10-15T17:49:19Z,
rosdistro,ros,ROS encryption,https://github.com/ros/rosdistro/issues/12899,1,closed,mat-l,2016-10-06T13:21:53Z,2016-10-06T17:41:35Z,
rosdistro,ros,rosdep init fails to download file under Ubuntu 16.04 Arm64 on Nvidia TX1 and TX2,https://github.com/ros/rosdistro/issues/12894,15,closed,marting87,2016-10-05T12:25:36Z,2016-10-07T06:05:52Z,
rosdistro,ros,prerelease.sh fails to clone ros_buildfarm,https://github.com/ros/rosdistro/issues/12824,8,closed,pirobot,2016-09-25T15:29:19Z,2016-09-26T21:59:33Z,
rosdistro,ros,ecl_* doc and source branches are invalid,https://github.com/ros/rosdistro/issues/12803,2,closed,tfoote,2016-09-22T20:25:40Z,2017-02-21T20:56:19Z,
rosdistro,ros,Literate_pr2 stack- Required.,https://github.com/ros/rosdistro/issues/12799,1,closed,Telpr2,2016-09-22T13:20:11Z,2016-09-22T15:53:33Z,
rosdistro,ros,"address ""stdlib.h: No such file or directory"" build error with gcc6",https://github.com/ros/rosdistro/issues/12783,1,closed,bulwahn,2016-09-21T12:04:19Z,2017-08-04T17:35:38Z,
rosdistro,ros,rosdep update fails on Neon (Ubuntu fork),https://github.com/ros/rosdistro/issues/12716,2,closed,breznak,2016-09-15T22:17:23Z,2016-09-15T23:00:58Z,
rosdistro,ros,Help needed to manage a major package reorg.,https://github.com/ros/rosdistro/issues/12528,7,closed,dustingooding,2016-08-29T17:50:25Z,2016-09-02T20:21:40Z,
rosdistro,ros,"Error: ""You are trying to set the trim sub directory to ros""",https://github.com/ros/rosdistro/issues/12472,1,closed,robotpilot,2016-08-24T01:50:18Z,2016-08-24T02:03:21Z,
rosdistro,ros,"""Could not resolve the rosdep key 'rosaria"" while integrating 2 packages in the build farm",https://github.com/ros/rosdistro/issues/12342,1,closed,amineHorseman,2016-08-12T06:22:37Z,2016-08-12T16:07:13Z,
rosdistro,ros,check for duplicate entries in rosdep files,https://github.com/ros/rosdistro/issues/12327,0,closed,dirk-thomas,2016-08-10T15:59:33Z,2017-04-03T22:00:51Z,
rosdistro,ros,libceres-dev missing cmake module,https://github.com/ros/rosdistro/issues/12105,8,closed,jackieokay,2016-07-08T16:17:01Z,2017-08-11T20:07:03Z,
rosdistro,ros,Enforce version numbers in rosdistro CI jobs follow best practices,https://github.com/ros/rosdistro/issues/11852,1,closed,tfoote,2016-06-15T23:48:22Z,2017-08-30T23:06:00Z,
rosdistro,ros,Fedora 24 and gazebo,https://github.com/ros/rosdistro/issues/11763,2,closed,MalcolmMielle,2016-06-06T15:36:05Z,2017-01-25T01:53:27Z,
rosdistro,ros,libglew-dev for Ubuntu 16.04 Xenial Xerus,https://github.com/ros/rosdistro/issues/11717,3,closed,nynyg,2016-06-02T08:04:10Z,2017-01-25T01:54:01Z,
rosdistro,ros,dev-libs/collada-dom and media-libs/collada-dom in gentoo,https://github.com/ros/rosdistro/issues/11687,9,closed,benkinooby,2016-05-31T19:29:07Z,2017-06-07T00:25:59Z,
rosdistro,ros,rosdep libftdipp-dev not resolving properly for Ubuntu 16.04,https://github.com/ros/rosdistro/issues/11626,4,closed,koenlek,2016-05-24T21:51:14Z,2017-06-08T22:34:09Z,
rosdistro,ros,libpcl-dev missing on Ubuntu armhf,https://github.com/ros/rosdistro/issues/11583,24,closed,tfoote,2016-05-20T18:58:19Z,2016-09-22T23:27:13Z,
rosdistro,ros,debian does not have an equivalent of linux-headers-generic,https://github.com/ros/rosdistro/issues/11567,2,closed,tfoote,2016-05-20T00:29:30Z,2020-09-01T21:13:21Z,
rosdistro,ros,Resolve Consistent Qt Versions on Kinetic,https://github.com/ros/rosdistro/issues/11488,13,closed,tfoote,2016-05-11T09:54:41Z,2017-06-08T22:49:40Z,
rosdistro,ros,OS X installation: ogre package is missing,https://github.com/ros/rosdistro/issues/11360,4,closed,tfabbri,2016-04-30T10:51:07Z,2017-01-27T21:52:03Z,
rosdistro,ros,ros-gbp organization permission audit,https://github.com/ros/rosdistro/issues/11151,1,closed,jackieokay,2016-04-18T18:18:56Z,2016-04-18T18:28:46Z,
rosdistro,ros,ros organization permissions audit,https://github.com/ros/rosdistro/issues/11150,4,closed,jackieokay,2016-04-18T18:18:16Z,2020-09-01T21:13:14Z,
rosdistro,ros,we need to backport colladadom for debian jessie,https://github.com/ros/rosdistro/issues/11137,3,closed,tfoote,2016-04-18T06:44:34Z,2016-05-06T00:02:39Z,
rosdistro,ros,Check if rosdep keys for system packages exist,https://github.com/ros/rosdistro/issues/11050,1,closed,jackieokay,2016-04-11T21:29:53Z,2016-04-12T21:43:34Z,
rosdistro,ros,Missing packages for Kinetic in Debian Jessie,https://github.com/ros/rosdistro/issues/11020,9,closed,jackieokay,2016-04-07T19:14:43Z,2017-08-04T17:34:33Z,
rosdistro,ros,Assimp dep on OSX,https://github.com/ros/rosdistro/issues/10995,2,closed,juanvallejo,2016-04-04T20:46:53Z,2016-04-04T23:47:54Z,
rosdistro,ros,ffmpeg is not available on debian jessie,https://github.com/ros/rosdistro/issues/10914,3,closed,tfoote,2016-03-28T19:48:01Z,2016-03-30T03:54:27Z,
rosdistro,ros,libg2o downgrade in repository,https://github.com/ros/rosdistro/issues/10834,1,closed,tfoote,2016-03-22T22:37:32Z,2017-06-08T22:34:37Z,
rosdistro,ros,decision_making on indigo,https://github.com/ros/rosdistro/issues/10822,2,closed,carlosjoserg,2016-03-21T14:11:37Z,2016-03-21T17:46:57Z,
rosdistro,ros,SHA1 is deprecated since apt 1.2.7,https://github.com/ros/rosdistro/issues/10787,3,closed,wjwwood,2016-03-19T00:20:51Z,2016-05-23T21:53:11Z,
rosdistro,ros,resolve potentially conflicting python-vtk rosdep rules,https://github.com/ros/rosdistro/issues/10752,6,closed,tfoote,2016-03-17T22:52:49Z,2016-05-20T18:50:27Z,
rosdistro,ros,Gentoo virtual/python-imaging is replaced by dev-python/pillow,https://github.com/ros/rosdistro/issues/10584,0,closed,Alessandro-Barbieri,2016-02-29T16:54:11Z,2016-02-29T18:18:05Z,
rosdistro,ros,jade distro not installing properly (ros-jade-desktop-full),https://github.com/ros/rosdistro/issues/10490,7,closed,dcconner,2016-02-12T15:33:12Z,2016-02-12T18:27:00Z,
rosdistro,ros,rosdep: Inconsistent resolve rules for `curl`,https://github.com/ros/rosdistro/issues/10467,1,closed,mani-monaj,2016-02-10T19:16:07Z,2016-02-11T22:09:21Z,
rosdistro,ros,urllib Error with github,https://github.com/ros/rosdistro/issues/10370,3,closed,bmagyar,2016-01-29T12:56:48Z,2016-01-30T00:05:05Z,
rosdistro,ros,rosdep libx52pro0 is not installable on trusty,https://github.com/ros/rosdistro/issues/10331,4,closed,tfoote,2016-01-21T23:07:52Z,2016-03-01T02:15:53Z,
rosdistro,ros,Clean up scripts directory,https://github.com/ros/rosdistro/issues/10034,1,closed,mikepurvis,2015-12-11T18:57:43Z,2020-09-01T21:11:51Z,
rosdistro,ros,Set up ROS 1.0 cygwin build in Jenkins,https://github.com/ros/rosdistro/issues/10013,3,closed,j-rivero,2015-12-09T22:52:29Z,2017-04-03T22:35:44Z,
rosdistro,ros,Convert to REP 143,https://github.com/ros/rosdistro/issues/10007,1,closed,tfoote,2015-12-08T19:48:59Z,2016-01-27T07:41:36Z,
rosdistro,ros,Kinetic Kick-off Checklist,https://github.com/ros/rosdistro/issues/9945,12,closed,esteve,2015-12-03T20:37:32Z,2016-05-23T18:26:18Z,
rosdistro,ros,Kinetic: Release Check List,https://github.com/ros/rosdistro/issues/9944,5,closed,esteve,2015-12-03T20:34:42Z,2016-12-23T01:46:02Z,
rosdistro,ros,improve eol distro detection to detect release removals,https://github.com/ros/rosdistro/issues/9939,1,closed,tfoote,2015-12-03T19:14:27Z,2020-09-01T21:11:43Z,
rosdistro,ros,Problem downloading over HTTPS on Vivid buildslaves,https://github.com/ros/rosdistro/issues/9769,12,closed,mikepurvis,2015-11-06T06:16:35Z,2016-12-23T02:16:59Z,
rosdistro,ros,"Source Install Fails with ""No package vtk-phython available""",https://github.com/ros/rosdistro/issues/9761,2,closed,danthony06,2015-11-03T22:07:30Z,2015-11-04T00:11:48Z,
rosdistro,ros,"rosdep init gives ""Website may be down.""",https://github.com/ros/rosdistro/issues/9721,44,closed,ostueker,2015-10-27T19:51:51Z,2015-10-27T20:40:18Z,
rosdistro,ros,can't find virtual/python-argparse,https://github.com/ros/rosdistro/issues/9570,7,closed,Alessandro-Barbieri,2015-09-28T01:24:03Z,2015-09-28T19:18:08Z,
rosdistro,ros,media-gfx/assimp is now media-libs/assimp,https://github.com/ros/rosdistro/issues/9569,4,closed,Alessandro-Barbieri,2015-09-28T01:10:12Z,2015-11-01T19:18:16Z,
rosdistro,ros,code.ros.org is down,https://github.com/ros/rosdistro/issues/9102,1,closed,nzjrs,2015-08-06T20:39:17Z,2015-08-06T23:54:07Z,
rosdistro,ros,Find a way to handle dependencies which differ between ROS versions on OS X,https://github.com/ros/rosdistro/issues/8912,2,closed,wjwwood,2015-07-13T21:41:29Z,2020-09-01T21:11:29Z,
rosdistro,ros,run indigo sync,https://github.com/ros/rosdistro/issues/8880,2,closed,tfoote,2015-07-08T22:57:06Z,2015-07-09T10:02:56Z,
rosdistro,ros,Build server script going mad?,https://github.com/ros/rosdistro/issues/8834,10,closed,cyborg-x1,2015-07-01T23:11:27Z,2015-07-01T23:30:09Z,
rosdistro,ros,Package `orocos_kdl` is missing in `rosdep/base.yaml`,https://github.com/ros/rosdistro/issues/8702,4,closed,carlosjoserg,2015-06-17T19:05:31Z,2015-06-17T20:25:51Z,
rosdistro,ros,Jade: Community wiki page audit,https://github.com/ros/rosdistro/issues/8284,7,closed,wjwwood,2015-05-02T00:56:51Z,2017-06-05T23:00:40Z,
rosdistro,ros,Concrete Definitions for ROS variants,https://github.com/ros/rosdistro/issues/8109,6,closed,cottsay,2015-04-23T17:28:50Z,2015-04-23T19:26:22Z,
rosdistro,ros,Jade: Release Check List,https://github.com/ros/rosdistro/issues/8008,18,closed,wjwwood,2015-04-20T21:02:36Z,2015-06-25T21:28:43Z,
rosdistro,ros,Migrate ros-dry-releases repo from Google Code,https://github.com/ros/rosdistro/issues/7484,3,closed,dirk-thomas,2015-03-12T18:14:44Z,2016-12-23T01:38:41Z,
rosdistro,ros,rtsprofile rtctree rtshell all have downgraded in hydro,https://github.com/ros/rosdistro/issues/7429,2,closed,tfoote,2015-03-02T21:05:04Z,2015-03-06T18:17:48Z,
rosdistro,ros,make syntax checking unicode safe,https://github.com/ros/rosdistro/issues/7347,1,closed,tfoote,2015-02-24T02:52:08Z,2020-09-01T21:11:16Z,
rosdistro,ros,devel-indigo-openrtm_aist devel job continuously triggering,https://github.com/ros/rosdistro/issues/7346,4,closed,tfoote,2015-02-24T01:19:50Z,2015-02-25T22:21:54Z,
rosdistro,ros,removing rosdep rules for unsupported versions of a distro,https://github.com/ros/rosdistro/issues/7326,5,closed,vrabaud,2015-02-21T11:06:15Z,2020-09-01T21:10:51Z,
rosdistro,ros,hydro: regression in openrtm_aist_python,https://github.com/ros/rosdistro/issues/7317,1,closed,tfoote,2015-02-20T21:50:05Z,2015-02-23T04:02:08Z,
rosdistro,ros,add verification of available release tags,https://github.com/ros/rosdistro/issues/7288,1,closed,tfoote,2015-02-17T23:45:07Z,2020-09-01T21:09:55Z,
rosdistro,ros,rosdep: bad rule for python-pymodbus in python.yaml ,https://github.com/ros/rosdistro/issues/7151,2,closed,jbohren,2015-02-09T21:25:23Z,2015-02-20T22:23:11Z,
rosdistro,ros,Question: rosdep yaml consistency,https://github.com/ros/rosdistro/issues/7148,3,closed,jbohren,2015-02-09T18:12:40Z,2015-02-11T22:34:57Z,
rosdistro,ros,Package conflicts on Ubuntu 14.04,https://github.com/ros/rosdistro/issues/7090,14,closed,rhass-r7,2015-02-04T16:22:21Z,2015-03-03T12:32:22Z,
rosdistro,ros,Documentation Audit: catkin,https://github.com/ros/rosdistro/issues/6946,2,closed,wjwwood,2015-01-22T23:24:02Z,2020-09-01T21:09:30Z,
rosdistro,ros,Jade: Check wiki pages,https://github.com/ros/rosdistro/issues/6878,7,closed,wjwwood,2015-01-16T01:42:34Z,2015-05-07T01:13:48Z,
rosdistro,ros,geneus version downgrade,https://github.com/ros/rosdistro/issues/6723,3,closed,tfoote,2014-12-31T18:20:52Z,2015-01-26T22:23:43Z,
rosdistro,ros,a check should be done for uniqueness of packages,https://github.com/ros/rosdistro/issues/6645,3,closed,vrabaud,2014-12-23T13:01:10Z,2014-12-23T18:00:40Z,
rosdistro,ros,update unidiff test usage to read character encoding,https://github.com/ros/rosdistro/issues/6637,0,closed,tfoote,2014-12-23T07:15:00Z,2015-01-03T10:07:31Z,
rosdistro,ros,rosdistro_reformat: No such file or directory: '/tmp/rosdistro/indigo/index.yaml',https://github.com/ros/rosdistro/issues/6575,1,closed,imr-ctu,2014-12-18T10:42:02Z,2014-12-18T10:48:50Z,
rosdistro,ros,Python packages for Precise/Hydro are broken,https://github.com/ros/rosdistro/issues/6561,9,closed,roehling,2014-12-16T15:47:21Z,2014-12-17T00:46:19Z,
rosdistro,ros,travis scripts failing due to python-unidiff API changes,https://github.com/ros/rosdistro/issues/6523,1,closed,vrabaud,2014-12-14T23:55:21Z,2014-12-15T04:56:56Z,
rosdistro,ros,rosdep key for libsensors4-dev on fedora,https://github.com/ros/rosdistro/issues/6472,3,closed,trainman419,2014-12-10T21:29:55Z,2014-12-10T21:58:05Z,
rosdistro,ros,Jade Kick-off Checklist,https://github.com/ros/rosdistro/issues/6435,61,closed,wjwwood,2014-12-04T21:54:25Z,2015-05-23T21:53:25Z,
rosdistro,ros,perception_oru continuously triggering devel jobs,https://github.com/ros/rosdistro/issues/6420,2,closed,tfoote,2014-12-03T07:32:14Z,2015-01-26T22:24:48Z,
rosdistro,ros,relax test for doc urls to accept tags,https://github.com/ros/rosdistro/issues/6237,0,closed,tfoote,2014-11-08T04:02:10Z,2014-11-09T01:36:42Z,
rosdistro,ros,Python packages which need to be released,https://github.com/ros/rosdistro/issues/6205,3,closed,wjwwood,2014-11-05T00:12:44Z,2014-11-25T01:21:18Z,
rosdistro,ros,import new catkin_lint 1.3.8,https://github.com/ros/rosdistro/issues/6202,1,closed,tfoote,2014-11-04T21:25:04Z,2014-11-08T03:54:55Z,
rosdistro,ros,remove dependency on unidiff,https://github.com/ros/rosdistro/issues/6119,3,closed,dirk-thomas,2014-10-29T18:58:03Z,2014-12-15T18:38:20Z,
rosdistro,ros,Missing package liburdfdom-tools in desktop full,https://github.com/ros/rosdistro/issues/5956,3,closed,davetcoleman,2014-10-10T22:17:23Z,2015-02-27T18:44:19Z,
rosdistro,ros,maintain Python packages,https://github.com/ros/rosdistro/issues/5944,34,closed,dirk-thomas,2014-10-10T00:08:47Z,2014-11-21T00:45:15Z,
rosdistro,ros,indigo sync level is too low,https://github.com/ros/rosdistro/issues/5531,2,closed,tfoote,2014-09-05T01:07:28Z,2016-01-27T07:45:47Z,
rosdistro,ros,Extend diff checking to support hg and svn,https://github.com/ros/rosdistro/issues/5505,2,closed,tfoote,2014-09-04T01:00:18Z,2020-09-01T21:08:13Z,
rosdistro,ros,Failed to create auto-pull-request for ros-indigo-gazebo-pkgs,https://github.com/ros/rosdistro/issues/5474,4,closed,j-rivero,2014-09-01T18:40:44Z,2014-09-02T12:36:36Z,
rosdistro,ros,Remove openni-sensors-primesense from trusty,https://github.com/ros/rosdistro/issues/5462,8,closed,jspricke,2014-09-01T10:10:25Z,2014-10-01T22:19:00Z,
rosdistro,ros,segwayrmp triggering every hour,https://github.com/ros/rosdistro/issues/5355,1,closed,tfoote,2014-08-21T23:29:10Z,2014-08-22T00:33:37Z,
rosdistro,ros,Virtualenv source install instructions,https://github.com/ros/rosdistro/issues/5235,4,closed,mikepurvis,2014-08-08T14:32:05Z,2015-02-21T02:36:45Z,
rosdistro,ros,wrong rosdep entry - xfs,https://github.com/ros/rosdistro/issues/5163,2,closed,dirk-thomas,2014-07-30T17:55:40Z,2015-02-20T22:14:13Z,
rosdistro,ros,Announce Indigo,https://github.com/ros/rosdistro/issues/5068,2,closed,tfoote,2014-07-22T18:57:01Z,2014-07-22T21:37:01Z,
rosdistro,ros,import new gazebo2 version,https://github.com/ros/rosdistro/issues/5062,1,closed,tfoote,2014-07-22T00:35:14Z,2014-07-22T01:31:42Z,
rosdistro,ros,Wrong branch names in Indigo,https://github.com/ros/rosdistro/issues/5060,2,closed,dirk-thomas,2014-07-21T19:13:49Z,2014-07-22T18:01:47Z,
rosdistro,ros,doc and devel jobs are failing due to boost issue,https://github.com/ros/rosdistro/issues/4967,4,closed,tfoote,2014-07-09T04:14:22Z,2014-07-09T05:51:51Z,
rosdistro,ros,rospy race condition,https://github.com/ros/rosdistro/issues/4966,1,closed,tfoote,2014-07-09T04:13:07Z,2014-07-11T19:38:27Z,
rosdistro,ros,sdformat is segfaulting,https://github.com/ros/rosdistro/issues/4933,10,closed,tfoote,2014-07-02T17:09:40Z,2014-07-09T04:10:10Z,
rosdistro,ros,Fedora Package Support,https://github.com/ros/rosdistro/issues/4918,10,closed,cottsay,2014-06-30T19:22:27Z,2021-03-26T00:25:39Z,
rosdistro,ros,wet orocos_kdl removed from groovy,https://github.com/ros/rosdistro/issues/4792,14,closed,NikolausDemmel,2014-06-19T22:34:46Z,2014-10-13T21:49:14Z,
rosdistro,ros,indigo doc jobs data storage is blowing up,https://github.com/ros/rosdistro/issues/4725,4,closed,tfoote,2014-06-16T17:34:54Z,2014-06-25T08:26:48Z,
rosdistro,ros,opencv2 rosdep key for indigo?,https://github.com/ros/rosdistro/issues/4722,6,closed,meyerj,2014-06-16T12:33:01Z,2014-06-17T08:04:34Z,
rosdistro,ros,email to mailing list to clarify catkin / rosbuild support according to REP 3,https://github.com/ros/rosdistro/issues/4702,1,closed,dirk-thomas,2014-06-15T21:38:49Z,2016-12-23T01:44:28Z,
rosdistro,ros,[meta] OS X support in hydro,https://github.com/ros/rosdistro/issues/4663,12,closed,NikolausDemmel,2014-06-10T17:44:58Z,2015-10-09T22:51:01Z,
rosdistro,ros,urdfdom* packages in Indigo/Trusty are in conflict with system ones,https://github.com/ros/rosdistro/issues/4633,96,closed,j-rivero,2014-06-05T00:40:11Z,2014-07-10T01:04:22Z,
rosdistro,ros,[meta] OS X support in indigo,https://github.com/ros/rosdistro/issues/4597,34,closed,NikolausDemmel,2014-06-02T17:44:17Z,2018-01-24T18:36:54Z,
rosdistro,ros,Include the pyqtgraph plugin in the ROS repo,https://github.com/ros/rosdistro/issues/4458,4,closed,trainman419,2014-05-23T02:36:58Z,2017-08-14T22:53:58Z,
rosdistro,ros,ogre version for trusty conflicts with gazebo,https://github.com/ros/rosdistro/issues/4318,7,closed,jonbinney,2014-05-16T22:14:08Z,2014-05-22T23:04:02Z,
rosdistro,ros,Failng packages in desktop-full,https://github.com/ros/rosdistro/issues/4283,1,closed,tfoote,2014-05-14T19:12:09Z,2014-05-25T20:25:24Z,
rosdistro,ros,Missing packages for Indigo release,https://github.com/ros/rosdistro/issues/4193,2,closed,dirk-thomas,2014-05-08T19:37:22Z,2014-05-14T19:09:07Z,
rosdistro,ros,Import ceres-solver debs from PPA,https://github.com/ros/rosdistro/issues/4117,7,closed,mikeferguson,2014-05-04T07:06:04Z,2014-05-05T18:47:33Z,
rosdistro,ros,Disable Oneiric debbuilds,https://github.com/ros/rosdistro/issues/4066,3,closed,tfoote,2014-04-30T15:26:24Z,2014-04-30T23:18:28Z,
rosdistro,ros,google code is throttling our access to the rosdistro,https://github.com/ros/rosdistro/issues/4062,3,closed,tfoote,2014-04-30T07:08:03Z,2014-04-30T22:08:35Z,
rosdistro,ros,Mass bug: architecture_independent tag verification,https://github.com/ros/rosdistro/issues/4037,16,closed,cottsay,2014-04-28T02:24:48Z,2021-03-26T02:00:39Z,
rosdistro,ros,rosdep error 503,https://github.com/ros/rosdistro/issues/3993,1,closed,bricerebsamen,2014-04-22T18:16:35Z,2014-04-22T18:25:41Z,
rosdistro,ros,Cannot install libopenni-sensor-primesense0 on Trusty,https://github.com/ros/rosdistro/issues/3986,16,closed,wjwwood,2014-04-21T23:02:40Z,2014-10-01T23:08:35Z,
rosdistro,ros,REP 140 rollout,https://github.com/ros/rosdistro/issues/3460,14,closed,dirk-thomas,2014-03-13T22:18:10Z,2014-08-04T18:15:26Z,
rosdistro,ros,rosdep update is failing. Not finding gentoo.yaml,https://github.com/ros/rosdistro/issues/3104,6,closed,toliver,2014-02-14T19:01:45Z,2014-02-14T19:03:56Z,
rosdistro,ros,the check script should make sure there are no spaces in the value,https://github.com/ros/rosdistro/issues/3089,0,closed,vrabaud,2014-02-13T14:24:30Z,2014-02-13T17:58:54Z,
rosdistro,ros,make rostest build dependency in CMakeLists.txt optional,https://github.com/ros/rosdistro/issues/3010,12,closed,dirk-thomas,2014-02-04T14:14:54Z,2017-04-03T22:03:29Z,
rosdistro,ros,Track failing jobs,https://github.com/ros/rosdistro/issues/2949,0,closed,dirk-thomas,2014-01-28T18:59:48Z,2014-04-08T16:01:18Z,
rosdistro,ros,issue with ecto_opencv release,https://github.com/ros/rosdistro/issues/2931,2,closed,tfoote,2014-01-26T06:39:50Z,2014-01-27T18:28:07Z,
rosdistro,ros,Python 3 compatibility,https://github.com/ros/rosdistro/issues/2427,17,closed,dirk-thomas,2013-10-23T21:52:38Z,2017-04-03T21:52:06Z,
rosdistro,ros,Release third party stuff for Indigo,https://github.com/ros/rosdistro/issues/2421,17,closed,dirk-thomas,2013-10-22T18:27:44Z,2014-05-08T19:36:50Z,
rosdistro,ros,resolve libcurl openssl vs gnutls,https://github.com/ros/rosdistro/issues/2369,3,closed,tfoote,2013-10-14T23:06:48Z,2016-01-27T08:15:43Z,
rosdistro,ros,Public sync of debs for hydro,https://github.com/ros/rosdistro/issues/1942,14,closed,wjwwood,2013-08-30T22:01:05Z,2013-09-16T18:35:13Z,
rosdistro,ros,Circular dependencies between rosdistro and releases,https://github.com/ros/rosdistro/issues/1912,4,closed,stonier,2013-08-30T00:04:07Z,2013-08-30T00:42:00Z,
rosdistro,ros,pcl packages(precise and quantal) depend on openni-dev which conflicts with libopenni0,https://github.com/ros/rosdistro/issues/1895,18,closed,tfoote,2013-08-29T02:19:20Z,2013-08-30T21:04:38Z,
rosdistro,ros,migrate all variants into metapackages,https://github.com/ros/rosdistro/issues/1812,2,closed,dirk-thomas,2013-08-21T22:50:47Z,2013-08-27T00:03:06Z,
rosdistro,ros,Recommended way of documenting upstream projects?,https://github.com/ros/rosdistro/issues/1721,3,closed,mikeferguson,2013-08-13T20:00:49Z,2013-08-13T21:12:17Z,
rosdistro,ros,use pcl upstream Debian package,https://github.com/ros/rosdistro/issues/1676,15,closed,dirk-thomas,2013-08-08T17:51:54Z,2013-08-28T23:44:33Z,
rosdistro,ros,Determine a good long term place for test data storage,https://github.com/ros/rosdistro/issues/1614,1,closed,tfoote,2013-08-02T21:53:36Z,2013-08-15T20:08:43Z,
rosdistro,ros,Add Hydro to Package Page,https://github.com/ros/rosdistro/issues/1554,7,closed,davetcoleman,2013-07-26T17:36:23Z,2013-07-26T22:27:58Z,
rosdistro,ros,fix dry tests,https://github.com/ros/rosdistro/issues/1484,1,closed,tfoote,2013-07-20T20:32:55Z,2013-07-20T21:55:16Z,
rosdistro,ros,desktop-full not available for hydro,https://github.com/ros/rosdistro/issues/1470,1,closed,dirk-thomas,2013-07-19T21:11:31Z,2013-07-19T21:20:32Z,
rosdistro,ros,check that it builds in isolation without --install,https://github.com/ros/rosdistro/issues/1467,8,closed,dirk-thomas,2013-07-19T20:45:53Z,2013-07-20T19:13:24Z,
rosdistro,ros,Catkinize straggling packages,https://github.com/ros/rosdistro/issues/1433,7,closed,wjwwood,2013-07-17T18:28:29Z,2013-08-09T23:42:44Z,
rosdistro,ros,Inconsistent rosdep for key fltk,https://github.com/ros/rosdistro/issues/1389,5,closed,meyerj,2013-07-15T18:31:19Z,2015-02-21T10:53:15Z,
rosdistro,ros,add verification that ubuntu rosdeps are installable from the ROS repos,https://github.com/ros/rosdistro/issues/1339,1,closed,tfoote,2013-07-12T09:22:21Z,2020-09-01T21:07:37Z,
rosdistro,ros,katana_driver not showing up in groovy doc,https://github.com/ros/rosdistro/issues/1235,3,closed,mintar,2013-07-05T11:26:16Z,2013-07-05T17:19:54Z,
rosdistro,ros,flann in Hydro,https://github.com/ros/rosdistro/issues/1225,4,closed,wjwwood,2013-07-04T22:26:01Z,2013-07-10T22:44:52Z,
rosdistro,ros,land navigation,https://github.com/ros/rosdistro/issues/1179,13,closed,tfoote,2013-07-03T00:05:08Z,2013-07-17T18:26:02Z,
rosdistro,ros,land gazebo 1.9 prerelease,https://github.com/ros/rosdistro/issues/1178,29,closed,tfoote,2013-07-02T22:45:53Z,2013-07-18T20:25:37Z,
rosdistro,ros,land pcl 1.7 prerelease,https://github.com/ros/rosdistro/issues/1177,4,closed,tfoote,2013-07-02T22:45:28Z,2013-07-10T23:27:14Z,
rosdistro,ros,convert tf to use tf2 under the hood,https://github.com/ros/rosdistro/issues/1176,3,closed,tfoote,2013-07-02T22:44:58Z,2013-07-18T22:17:19Z,
rosdistro,ros,Update Hydro Migration Guide,https://github.com/ros/rosdistro/issues/1085,1,closed,wjwwood,2013-06-27T03:47:38Z,2013-08-27T23:03:28Z,
rosdistro,ros,gtest in both base.yaml and gentoo.yaml,https://github.com/ros/rosdistro/issues/1036,8,closed,vrabaud,2013-06-19T13:51:51Z,2014-02-14T18:52:10Z,
rosdistro,ros,Catkinize all of desktop-full for Hydro,https://github.com/ros/rosdistro/issues/1015,36,closed,wjwwood,2013-06-14T21:46:20Z,2013-07-17T18:28:40Z,
rosdistro,ros,create a script to generate SIG traffic summaries that I can send to ros-users,https://github.com/ros/rosdistro/issues/1014,1,closed,tfoote,2013-06-14T17:39:28Z,2014-06-14T05:15:45Z,
rosdistro,ros,check_rosdistro: crashes,https://github.com/ros/rosdistro/issues/1013,1,closed,jack-oquin,2013-06-14T14:13:44Z,2013-06-21T21:02:24Z,
rosdistro,ros,I think this is 1000!,https://github.com/ros/rosdistro/issues/1000,1,closed,wjwwood,2013-06-10T18:22:40Z,2013-06-10T18:22:58Z,
rosdistro,ros,"when a pull request fails, provide clear error messages",https://github.com/ros/rosdistro/issues/882,3,closed,jack-oquin,2013-05-23T03:37:32Z,2013-06-13T02:54:42Z,
rosdistro,ros,missing python-qt-bindings-gl,https://github.com/ros/rosdistro/issues/852,1,closed,DeFrenZ,2013-05-19T01:24:16Z,2013-05-19T13:37:40Z,
rosdistro,ros,dependency on python3,https://github.com/ros/rosdistro/issues/780,1,closed,po1,2013-04-30T21:42:03Z,2013-05-15T17:55:33Z,
rosdistro,ros,Deploy NiTE v1.5.2.21,https://github.com/ros/rosdistro/issues/715,1,closed,bit-pirate,2013-04-17T05:10:12Z,2013-04-30T17:28:07Z,
rosdistro,ros,send out ros-users poll,https://github.com/ros/rosdistro/issues/699,1,closed,tfoote,2013-04-15T20:43:20Z,2013-04-30T03:28:59Z,
rosdistro,ros,check urls for non ssh access,https://github.com/ros/rosdistro/issues/694,2,closed,tfoote,2013-04-14T22:30:51Z,2013-04-30T17:22:10Z,
rosdistro,ros,fix sourcedeb syncing,https://github.com/ros/rosdistro/issues/689,1,closed,tfoote,2013-04-12T20:32:53Z,2013-04-12T22:26:13Z,
rosdistro,ros,Develop Indigo Timeline,https://github.com/ros/rosdistro/issues/684,5,closed,tfoote,2013-04-11T21:38:37Z,2013-07-19T00:56:36Z,
rosdistro,ros,Announce Hydro Beta,https://github.com/ros/rosdistro/issues/683,5,closed,tfoote,2013-04-11T21:33:08Z,2013-07-21T15:40:18Z,
rosdistro,ros,Announce Hydro Medussa,https://github.com/ros/rosdistro/issues/682,7,closed,tfoote,2013-04-11T21:32:49Z,2013-09-16T18:35:53Z,
rosdistro,ros,review core packages for release before alpha,https://github.com/ros/rosdistro/issues/681,1,closed,tfoote,2013-04-11T21:22:26Z,2013-04-11T23:01:13Z,
rosdistro,ros,announce hydro alpha,https://github.com/ros/rosdistro/issues/680,2,closed,tfoote,2013-04-11T21:18:27Z,2013-04-16T23:02:35Z,
rosdistro,ros,update all tools to use new rosdistro format,https://github.com/ros/rosdistro/issues/679,6,closed,tfoote,2013-04-11T21:14:05Z,2013-07-02T18:34:42Z,
rosdistro,ros,confirm prereleases working ,https://github.com/ros/rosdistro/issues/673,1,closed,tfoote,2013-04-10T17:59:06Z,2013-04-11T22:03:19Z,
rosdistro,ros,iri-ros-pkg wiki pages are not being generated,https://github.com/ros/rosdistro/issues/672,2,closed,ntolos,2013-04-10T08:16:08Z,2013-04-15T21:02:44Z,
rosdistro,ros,confirm all python packages are available for raring,https://github.com/ros/rosdistro/issues/644,1,closed,tfoote,2013-04-04T04:19:57Z,2013-04-05T19:41:46Z,
rosdistro,ros,Create proposal of biweekly release cycle,https://github.com/ros/rosdistro/issues/606,3,closed,tfoote,2013-03-27T00:48:36Z,2014-02-14T18:26:01Z,
rosdistro,ros,documentation and tutorial review (external),https://github.com/ros/rosdistro/issues/585,3,closed,dirk-thomas,2013-03-20T18:02:17Z,2014-02-14T18:43:28Z,
rosdistro,ros,Enable raring chroots on the buildfarm,https://github.com/ros/rosdistro/issues/584,1,closed,tfoote,2013-03-20T15:39:06Z,2013-04-04T01:10:58Z,
rosdistro,ros,Enable Prerelease builds for hydro,https://github.com/ros/rosdistro/issues/583,1,closed,tfoote,2013-03-20T15:31:47Z,2013-03-21T22:02:57Z,
rosdistro,ros,documentation and tutorial review (internal),https://github.com/ros/rosdistro/issues/554,11,closed,dirk-thomas,2013-03-14T01:31:48Z,2014-02-14T18:44:33Z,
rosdistro,ros,setup github pages with a post commit hook to generate reps,https://github.com/ros/rosdistro/issues/553,1,closed,tfoote,2013-03-14T00:53:04Z,2013-09-18T23:54:26Z,
rosdistro,ros,confirm that ringtail is working in the chroots,https://github.com/ros/rosdistro/issues/507,1,closed,tfoote,2013-02-26T20:03:45Z,2013-04-04T01:11:31Z,
rosdistro,ros,Review Python policy for Hydro,https://github.com/ros/rosdistro/issues/506,27,closed,tfoote,2013-02-26T08:37:48Z,2013-04-05T19:45:09Z,
rosdistro,ros,Formalize End of Life Policy,https://github.com/ros/rosdistro/issues/504,4,closed,chadrockey,2013-02-26T01:15:30Z,2013-08-30T12:32:49Z,
rosdistro,ros,geometry_experimental has incorrect information in groovy.yaml,https://github.com/ros/rosdistro/issues/497,1,closed,wjwwood,2013-02-21T18:56:03Z,2013-02-23T00:47:38Z,
rosdistro,ros,tf2 tar install broken,https://github.com/ros/rosdistro/issues/496,1,closed,tkruse,2013-02-21T08:54:10Z,2013-04-04T22:10:23Z,
rosdistro,ros,"add deb package, which is not depends on rosdistro",https://github.com/ros/rosdistro/issues/494,1,closed,k-okada,2013-02-20T04:51:40Z,2013-03-28T23:01:03Z,
rosdistro,ros,Move code.ros.org packages to github,https://github.com/ros/rosdistro/issues/471,3,closed,ablasdel,2013-02-13T22:59:04Z,2013-09-16T18:37:31Z,
rosdistro,ros,make _msgs and _srvs catkin packages build messages on package target,https://github.com/ros/rosdistro/issues/439,3,closed,tkruse,2013-02-06T11:20:48Z,2013-04-10T22:19:00Z,
rosdistro,ros,Add support for virtual packages,https://github.com/ros/rosdistro/issues/438,2,closed,tfoote,2013-02-06T02:16:18Z,2017-06-08T22:40:34Z,
rosdistro,ros,Update wiki docs w.r.t. python script installation,https://github.com/ros/rosdistro/issues/437,1,closed,tkruse,2013-02-05T20:40:56Z,2013-06-26T17:33:59Z,
rosdistro,ros,create visual chart of catkinization progress highlighting blockers,https://github.com/ros/rosdistro/issues/430,1,closed,tfoote,2013-02-04T22:19:08Z,2013-02-12T18:25:44Z,
rosdistro,ros,review package maintainers,https://github.com/ros/rosdistro/issues/429,14,closed,tfoote,2013-02-04T22:15:10Z,2013-07-19T11:13:35Z,
rosdistro,ros,update the ROS cheetsheet ,https://github.com/ros/rosdistro/issues/427,5,closed,tfoote,2013-02-03T18:19:59Z,2016-01-27T08:14:33Z,
rosdistro,ros,Get empy with python3 support merged upstream,https://github.com/ros/rosdistro/issues/426,4,closed,tfoote,2013-02-03T18:16:48Z,2014-02-13T18:01:17Z,
rosdistro,ros,setup a new changelog standard,https://github.com/ros/rosdistro/issues/420,8,closed,tfoote,2013-02-02T03:59:48Z,2013-06-26T17:32:28Z,
rosdistro,ros,Add recommendation about README at root of repos to Developer GUide,https://github.com/ros/rosdistro/issues/419,1,closed,tfoote,2013-02-02T03:57:18Z,2013-04-05T20:36:43Z,
rosdistro,ros,"Develop an ABI policy, notation and testing ability",https://github.com/ros/rosdistro/issues/418,4,closed,tfoote,2013-02-02T03:55:14Z,2020-09-01T21:07:26Z,
rosdistro,ros,Complete catkinzation of pr2 packages,https://github.com/ros/rosdistro/issues/417,1,closed,tfoote,2013-02-02T03:51:48Z,2013-02-26T19:50:54Z,
rosdistro,ros,visualize catkinization progress,https://github.com/ros/rosdistro/issues/416,2,closed,dirk-thomas,2013-02-02T01:02:45Z,2013-02-05T22:10:33Z,
rosdistro,ros,update REP 9 for relaxed even odd release numbers,https://github.com/ros/rosdistro/issues/415,2,closed,tfoote,2013-02-01T22:41:38Z,2014-02-14T23:16:15Z,
rosdistro,ros,create a report of what has been synced,https://github.com/ros/rosdistro/issues/414,1,closed,tfoote,2013-02-01T22:39:26Z,2013-02-13T22:27:18Z,
rosdistro,ros,Update REP 3,https://github.com/ros/rosdistro/issues/411,2,closed,tfoote,2013-02-01T19:13:18Z,2013-02-26T08:42:07Z,
rosdistro,ros,"Create REP to clarify ROS, vs non ROS vs system dependency",https://github.com/ros/rosdistro/issues/410,2,closed,tfoote,2013-02-01T19:03:15Z,2013-03-13T06:42:57Z,
rosdistro,ros,Confirm/upgrade bloom to be ready for hydro fork,https://github.com/ros/rosdistro/issues/409,1,closed,tfoote,2013-02-01T18:54:10Z,2013-03-13T06:42:04Z,
rosdistro,ros,Finish merging catkin-debs fuerte and groovy branches,https://github.com/ros/rosdistro/issues/408,2,closed,tfoote,2013-02-01T18:46:10Z,2013-02-05T22:11:27Z,
rosdistro,ros,roslocate returns weird results:,https://github.com/ros/rosdistro/issues/366,10,closed,tkruse,2013-01-18T13:48:40Z,2013-02-14T23:32:43Z,
rosdistro,ros,Incomplete orocos_kinematics_dynamics catkin migration needs fixing ,https://github.com/ros/rosdistro/issues/356,4,closed,tkruse,2013-01-16T16:07:34Z,2013-01-16T20:02:58Z,
rosdistro,ros,create unified issue viewer,https://github.com/ros/rosdistro/issues/346,2,closed,tfoote,2013-01-14T06:00:24Z,2013-08-08T18:07:33Z,
rosdistro,ros,Fix fuerte source install rosinstall urls,https://github.com/ros/rosdistro/issues/332,6,closed,tfoote,2013-01-08T21:12:41Z,2013-01-13T00:18:09Z,
rosdistro,ros,migrate roswiki plugins to github ros-infrastructure,https://github.com/ros/rosdistro/issues/320,1,closed,tfoote,2013-01-03T22:59:42Z,2013-01-03T23:10:12Z,
rosdistro,ros,Create a document of possible options of how to release packages into ROS,https://github.com/ros/rosdistro/issues/314,1,closed,tfoote,2013-01-02T23:08:53Z,2013-02-12T18:18:10Z,
rosdistro,ros,switch wiki default to groovy,https://github.com/ros/rosdistro/issues/311,1,closed,dirk-thomas,2012-12-31T20:09:59Z,2012-12-31T21:20:28Z,
rosdistro,ros,validate installation of all packages,https://github.com/ros/rosdistro/issues/310,2,closed,dirk-thomas,2012-12-31T08:41:15Z,2013-01-01T06:48:24Z,
rosdistro,ros,setup automated github repo backups,https://github.com/ros/rosdistro/issues/301,2,closed,tfoote,2012-12-28T04:46:50Z,2020-09-01T21:07:08Z,
rosdistro,ros,Review failing unit tests from devel jobs,https://github.com/ros/rosdistro/issues/300,2,closed,dirk-thomas,2012-12-28T00:25:42Z,2013-02-26T19:45:39Z,
rosdistro,ros,Unable to run Groovy pre-release tests on dry stacks with unit tests,https://github.com/ros/rosdistro/issues/299,13,closed,jack-oquin,2012-12-27T15:54:35Z,2012-12-30T09:48:28Z,
rosdistro,ros,"another weird jenkins error, NullPointerException",https://github.com/ros/rosdistro/issues/298,1,closed,tfoote,2012-12-26T04:15:07Z,2012-12-27T22:27:16Z,
rosdistro,ros,"(ROS basic tutorial) Several tutorials from Intermediate are not ""catkinized""",https://github.com/ros/rosdistro/issues/297,6,closed,130s,2012-12-26T02:05:29Z,2013-01-03T04:46:29Z,
rosdistro,ros,Test packages missing in groovy.yaml,https://github.com/ros/rosdistro/issues/296,1,closed,wmeeusse,2012-12-23T05:40:14Z,2012-12-30T08:07:34Z,
rosdistro,ros,Enable 32bit builds,https://github.com/ros/rosdistro/issues/293,1,closed,tfoote,2012-12-22T01:50:53Z,2012-12-27T06:45:38Z,
rosdistro,ros,groovy image for turtlesim,https://github.com/ros/rosdistro/issues/286,3,closed,dirk-thomas,2012-12-19T10:08:07Z,2012-12-21T21:55:28Z,
rosdistro,ros,catkinize tf2,https://github.com/ros/rosdistro/issues/284,1,closed,tfoote,2012-12-18T18:54:01Z,2013-06-28T21:42:11Z,
rosdistro,ros,document new use of github and list org units,https://github.com/ros/rosdistro/issues/283,21,closed,tfoote,2012-12-18T18:33:15Z,2013-01-28T20:48:40Z,
rosdistro,ros,all packages in desktop-full and robot variants are building,https://github.com/ros/rosdistro/issues/282,0,closed,tfoote,2012-12-18T18:23:53Z,2012-12-18T18:35:14Z,
rosdistro,ros,dynamic reconfigure is not parallel build safe,https://github.com/ros/rosdistro/issues/281,1,closed,tfoote,2012-12-18T18:22:40Z,2012-12-19T22:05:29Z,
rosdistro,ros,message_generation documentation,https://github.com/ros/rosdistro/issues/279,3,closed,tkruse,2012-12-15T12:00:03Z,2012-12-18T18:17:14Z,
rosdistro,ros,Missing variant debs for groovy beta 2,https://github.com/ros/rosdistro/issues/276,2,closed,tkruse,2012-12-14T11:41:18Z,2013-01-22T12:58:38Z,
rosdistro,ros,Remind maintainers to fix warnings in meta data,https://github.com/ros/rosdistro/issues/272,1,closed,dirk-thomas,2012-12-11T17:51:39Z,2012-12-17T20:59:32Z,
rosdistro,ros,rospkg needs to return reasonable information about wet packages,https://github.com/ros/rosdistro/issues/271,7,closed,dirk-thomas,2012-12-11T17:44:36Z,2012-12-31T19:58:49Z,
rosdistro,ros,Create a ROS Fuerte to Groovy Migration Guide,https://github.com/ros/rosdistro/issues/263,1,closed,tfoote,2012-12-07T01:11:12Z,2013-01-01T06:09:17Z,
rosdistro,ros,create release notes,https://github.com/ros/rosdistro/issues/262,7,closed,tfoote,2012-12-07T01:10:07Z,2013-01-01T06:09:56Z,
rosdistro,ros,release patched packages,https://github.com/ros/rosdistro/issues/258,4,closed,tfoote,2012-12-06T19:56:14Z,2012-12-09T21:14:06Z,
rosdistro,ros,Deploy openni 1.5.4,https://github.com/ros/rosdistro/issues/257,30,closed,tfoote,2012-12-06T19:46:08Z,2012-12-28T07:03:15Z,
rosdistro,ros,packages in desktop-full should build debs w/o package.xml warnings,https://github.com/ros/rosdistro/issues/252,3,closed,tfoote,2012-12-04T18:45:50Z,2012-12-21T00:42:37Z,
rosdistro,ros,clear out wg-debs,https://github.com/ros/rosdistro/issues/251,2,closed,tfoote,2012-12-04T18:43:25Z,2013-01-03T22:58:50Z,
rosdistro,ros,migrate all ros trac tickets to github,https://github.com/ros/rosdistro/issues/250,7,closed,tfoote,2012-12-04T18:42:56Z,2013-02-01T18:57:38Z,
rosdistro,ros,Create replacements for langs and langs-dev with better names,https://github.com/ros/rosdistro/issues/249,2,closed,tfoote,2012-12-04T18:36:26Z,2012-12-18T06:30:56Z,
rosdistro,ros,vision_opencv has wrong git location,https://github.com/ros/rosdistro/issues/239,3,closed,walchko,2012-11-28T12:52:13Z,2012-11-28T23:37:14Z,
rosdistro,ros,rqt needs to be split into separate packages / metapackages,https://github.com/ros/rosdistro/issues/235,3,closed,ablasdel,2012-11-28T01:08:26Z,2012-12-21T00:03:16Z,
rosdistro,ros,resolve dependencies for wet packages,https://github.com/ros/rosdistro/issues/234,3,closed,wjwwood,2012-11-28T00:19:58Z,2012-12-07T07:54:56Z,
rosdistro,ros,iri-ros-pkg wiki pages are not being generated,https://github.com/ros/rosdistro/issues/231,5,closed,j-rivero,2012-11-27T13:39:14Z,2013-04-04T01:16:14Z,
rosdistro,ros,deploy unified debbuild status,https://github.com/ros/rosdistro/issues/223,1,closed,tfoote,2012-11-22T05:10:20Z,2012-12-04T18:21:42Z,
rosdistro,ros,setup genrosinstall to give the wet part of a dry variant target,https://github.com/ros/rosdistro/issues/222,15,closed,tfoote,2012-11-22T05:02:23Z,2012-11-27T22:34:30Z,
rosdistro,ros,release common_msgs with new reviewed sensor msgs,https://github.com/ros/rosdistro/issues/219,1,closed,tfoote,2012-11-21T08:43:48Z,2012-11-28T00:06:06Z,
rosdistro,ros,clear old i386 debs,https://github.com/ros/rosdistro/issues/216,1,closed,tfoote,2012-11-17T08:54:58Z,2012-11-19T01:02:04Z,
rosdistro,ros,Audit packages for proper license headers,https://github.com/ros/rosdistro/issues/212,11,closed,tfoote,2012-11-14T17:58:42Z,2012-12-22T00:26:08Z,
rosdistro,ros,update doc for filling issues,https://github.com/ros/rosdistro/issues/211,1,closed,dirk-thomas,2012-11-14T17:26:43Z,2012-11-15T22:56:18Z,
rosdistro,ros,confirm rosinstall generators are working,https://github.com/ros/rosdistro/issues/205,16,closed,tfoote,2012-11-13T23:48:21Z,2012-11-22T05:05:47Z,
rosdistro,ros,User testing of tutorials ,https://github.com/ros/rosdistro/issues/204,1,closed,tfoote,2012-11-13T18:40:06Z,2012-12-30T08:06:18Z,
rosdistro,ros,all ROS core tutorials audited for updates,https://github.com/ros/rosdistro/issues/203,17,closed,tfoote,2012-11-13T18:39:43Z,2012-12-31T04:21:21Z,
rosdistro,ros,installation instructions updated and verified,https://github.com/ros/rosdistro/issues/202,17,closed,tfoote,2012-11-13T18:38:12Z,2012-12-21T18:26:33Z,
rosdistro,ros,catkin_make,https://github.com/ros/rosdistro/issues/201,1,closed,tfoote,2012-11-13T18:37:30Z,2012-11-14T19:25:00Z,
rosdistro,ros,wstool implemented and documented,https://github.com/ros/rosdistro/issues/200,3,closed,tfoote,2012-11-13T18:37:12Z,2012-11-20T06:41:07Z,
rosdistro,ros,land rep 128,https://github.com/ros/rosdistro/issues/199,1,closed,tfoote,2012-11-13T18:35:35Z,2013-04-04T01:12:35Z,
rosdistro,ros,create quantal dry sourcedebs,https://github.com/ros/rosdistro/issues/196,3,closed,tfoote,2012-11-13T09:11:54Z,2012-11-13T23:02:00Z,
rosdistro,ros,create unified debuild status page,https://github.com/ros/rosdistro/issues/195,4,closed,tfoote,2012-11-13T08:03:26Z,2012-11-22T05:10:48Z,
rosdistro,ros,create all backwards compatibility ros variant metapackages,https://github.com/ros/rosdistro/issues/194,3,closed,tfoote,2012-11-13T07:55:16Z,2012-11-19T06:57:41Z,
rosdistro,ros,roswtf support for common errors,https://github.com/ros/rosdistro/issues/193,5,closed,tfoote,2012-11-13T07:53:50Z,2013-01-04T22:34:41Z,
rosdistro,ros,catkin tutorials reviewed,https://github.com/ros/rosdistro/issues/192,19,closed,tfoote,2012-11-13T07:51:47Z,2012-11-22T03:28:02Z,
rosdistro,ros,pr2_simulator running,https://github.com/ros/rosdistro/issues/184,7,closed,tfoote,2012-11-09T23:21:09Z,2012-11-28T10:18:59Z,
rosdistro,ros,groovy dry prereleases working,https://github.com/ros/rosdistro/issues/181,2,closed,tfoote,2012-11-09T03:09:05Z,2012-11-20T23:37:57Z,
rosdistro,ros,Groovy wet prereleases working ,https://github.com/ros/rosdistro/issues/180,1,closed,tfoote,2012-11-09T03:08:37Z,2012-11-20T23:37:13Z,
rosdistro,ros,rospy tutorials checked for groovy support,https://github.com/ros/rosdistro/issues/178,7,closed,tfoote,2012-11-09T00:18:18Z,2012-11-26T02:07:30Z,
rosdistro,ros,roscpp tutorials checked,https://github.com/ros/rosdistro/issues/177,5,closed,tfoote,2012-11-09T00:17:40Z,2012-11-21T06:14:40Z,
rosdistro,ros,packages.ros.org/cgi-bin weird results,https://github.com/ros/rosdistro/issues/125,1,closed,tkruse,2012-10-24T16:59:16Z,2012-12-30T08:12:52Z,
rosdistro,ros,Add support for finding usage of rosdep keys ,https://github.com/ros/rosdistro/issues/98,1,closed,tfoote,2012-10-03T01:58:16Z,2018-10-17T05:47:27Z,
rosdistro,ros,empty entries in rosdistro file,https://github.com/ros/rosdistro/issues/62,1,closed,vrabaud,2012-07-05T19:44:15Z,2013-04-04T01:15:04Z,
rosdistro,ros,"Create groovy branch, ditch unstable",https://github.com/ros/rosdistro/issues/60,1,closed,dirk-thomas,2012-07-02T21:09:53Z,2012-09-16T06:14:58Z,
rosdistro,ros,generate rosinstall files for variants based on distro.yaml,https://github.com/ros/rosdistro/issues/59,2,closed,dirk-thomas,2012-07-02T20:58:17Z,2012-12-04T05:24:26Z,
rosdistro,ros,create a tool to query and provide a list of changes for publishing from (release).yaml,https://github.com/ros/rosdistro/issues/54,2,closed,tfoote,2012-06-18T23:13:15Z,2019-01-24T00:13:55Z,
rosdistro,ros,create a release.yaml verification script,https://github.com/ros/rosdistro/issues/46,1,closed,tfoote,2012-05-23T02:52:19Z,2012-10-05T07:05:14Z,
rosdistro,ros,create a rosdistro file verification script,https://github.com/ros/rosdistro/issues/45,1,closed,tfoote,2012-05-23T02:51:05Z,2013-04-04T01:13:41Z,
rosdistro,ros,typo in rosdep/python.yaml,https://github.com/ros/rosdistro/issues/26,7,closed,hauptmech,2012-04-12T09:30:25Z,2012-10-05T07:05:53Z,
rosdistro,ros,Can't install robot variant on raspbian Jessie,https://github.com/ros/rosdistro/issues/16592,1,closed,deb0ch,2017-12-14T15:55:44Z,2018-01-12T19:14:48Z,
rosdistro,ros,Rosdep update unable to process source,https://github.com/ros/rosdistro/issues/16585,5,closed,nkhedekar,2017-12-14T10:25:46Z,2018-01-02T18:18:42Z,
rosdistro,ros,"Users who submit PRs to this repo are getting flagged ""Abuse detected"" by travis",https://github.com/ros/rosdistro/issues/16337,7,closed,tfoote,2017-11-11T02:10:58Z,2019-01-23T23:12:30Z,
rosdistro,ros,Contributing guideline - tests and their dependencies.,https://github.com/ros/rosdistro/issues/16336,11,closed,peci1,2017-11-11T01:22:39Z,2019-03-15T08:16:32Z,
rosdistro,ros,ghprb_testing doesn't work for 3rdparty submissions,https://github.com/ros/rosdistro/issues/16181,4,closed,tfoote,2017-10-27T02:45:28Z,2020-09-01T21:13:38Z,
rosdistro,ros,Request for including libccd-dev for indigo/trusty,https://github.com/ros/rosdistro/issues/16175,10,closed,wxmerkt,2017-10-26T12:48:08Z,2017-11-07T14:43:23Z,
rosdistro,ros,Melodic Release Checklist,https://github.com/ros/rosdistro/issues/16139,5,closed,clalancette,2017-10-23T14:31:25Z,2018-05-25T15:31:35Z,melodic
rosdistro,ros,Melodic Kick-Off Checklist,https://github.com/ros/rosdistro/issues/16138,7,closed,clalancette,2017-10-23T14:26:44Z,2018-10-17T13:21:23Z,melodic
rosdistro,ros,Does SDSM&T still supports Fedora Packaging?,https://github.com/ros/rosdistro/issues/15987,6,closed,leemgs,2017-09-29T05:47:16Z,2018-01-13T02:34:51Z,
rosdistro,ros,CI requires alphabetical order for Ubuntu distributions,https://github.com/ros/rosdistro/issues/15806,2,closed,jatowler,2017-08-22T19:21:41Z,2017-09-07T19:18:16Z,
rosdistro,ros,[debian stretch] new dependency on gnome-icon-theme causes jobs to fail,https://github.com/ros/rosdistro/issues/15672,1,closed,mikaelarguedas,2017-08-03T00:01:45Z,2017-08-03T16:01:53Z,
rosdistro,ros,Add yapf,https://github.com/ros/rosdistro/issues/15566,4,closed,cglwn,2017-07-18T22:48:21Z,2017-07-18T22:53:28Z,
rosdistro,ros,Add python-tqdm,https://github.com/ros/rosdistro/issues/15561,2,closed,cglwn,2017-07-18T16:25:53Z,2017-07-24T17:29:31Z,
rosdistro,ros,Indigo/Kinetic Release 07-2017,https://github.com/ros/rosdistro/issues/15528,1,closed,floweisshardt,2017-07-17T11:30:28Z,2017-07-17T11:31:24Z,
rosdistro,ros,[zesty only] libpcl-dev doesnt export the right VTK libraries,https://github.com/ros/rosdistro/issues/15497,5,closed,mikaelarguedas,2017-07-14T18:43:07Z,2017-08-28T17:07:38Z,
rosdistro,ros,outdated dependencies and ROS,https://github.com/ros/rosdistro/issues/15210,6,closed,Alessandro-Barbieri,2017-06-12T01:02:28Z,2017-08-11T21:02:01Z,
rosdistro,ros,release python packages in artful,https://github.com/ros/rosdistro/issues/15164,17,closed,mikaelarguedas,2017-06-06T00:40:04Z,2017-07-13T17:28:28Z,
rosdistro,ros,Readme seems outdated. No ROSDISTRO/release.yaml or ROSDISTRO/source.yaml,https://github.com/ros/rosdistro/issues/15131,0,closed,alex-gee,2017-06-02T06:17:21Z,2017-06-16T00:01:36Z,
rosdistro,ros,webkit_dependency: No definition of [python-qt5-bindings-webkit] for OS [osx],https://github.com/ros/rosdistro/issues/15117,2,closed,teancake,2017-05-31T10:45:55Z,2017-07-18T22:52:56Z,
rosdistro,ros,No definition of [python-qt5-bindings-webkit] for OS when running rosdep with sudo,https://github.com/ros/rosdistro/issues/15088,21,closed,Alessandro-Barbieri,2017-05-27T15:36:10Z,2019-01-23T23:19:11Z,rosdep
rosdistro,ros,Add gentoo to rosdep yaml documentation,https://github.com/ros/rosdistro/issues/15087,2,closed,Alessandro-Barbieri,2017-05-27T09:56:22Z,2017-05-27T14:49:50Z,
rosdistro,ros,Missing Dependencies for Gentoo Linux,https://github.com/ros/rosdistro/issues/15082,34,closed,allenh1,2017-05-26T19:56:14Z,2017-08-03T15:46:26Z,
rosdistro,ros,split rqt plugins into separate repos,https://github.com/ros/rosdistro/issues/14652,1,closed,dirk-thomas,2017-04-25T18:04:55Z,2017-04-28T23:14:23Z,
rosdistro,ros,local prerelease test fails on running locale-gen,https://github.com/ros/rosdistro/issues/14586,4,closed,bmagyar,2017-04-21T13:52:01Z,2017-04-21T15:11:48Z,
rosdistro,ros,ur_modern_driver repo unaccessable,https://github.com/ros/rosdistro/issues/14522,2,closed,tfoote,2017-04-13T20:26:04Z,2017-04-19T07:26:31Z,
rosdistro,ros,MacOS Sierra - fail to install ros indigo at gazebo,https://github.com/ros/rosdistro/issues/14416,1,closed,DinnerHowe,2017-04-01T10:18:48Z,2017-05-23T22:20:07Z,
rosdistro,ros,Validation of new releases on travis does not catch circular dependencies,https://github.com/ros/rosdistro/issues/14373,2,closed,tfoote,2017-03-29T08:12:56Z,2017-03-30T14:58:29Z,
rosdistro,ros,kinetic job reconfiguration is failing,https://github.com/ros/rosdistro/issues/14360,5,closed,hrnr,2017-03-28T12:41:53Z,2017-03-29T21:51:50Z,
rosdistro,ros,folding block display on Travis evaluating a None object,https://github.com/ros/rosdistro/issues/14187,0,closed,tfoote,2017-03-15T18:29:15Z,2017-03-15T19:29:45Z,
rosdistro,ros,Lunar Release Checklist,https://github.com/ros/rosdistro/issues/14112,3,closed,mikaelarguedas,2017-03-06T22:04:13Z,2017-05-31T15:09:13Z,
rosdistro,ros,Unmet Dependencies when installing python-catkin-pkg-modules Kinetic on 16.04,https://github.com/ros/rosdistro/issues/14054,23,closed,superjax,2017-03-01T16:11:45Z,2017-03-01T17:51:46Z,
rosdistro,ros,release new version of filters,https://github.com/ros/rosdistro/issues/13832,4,closed,nicolaerosia,2017-02-08T16:37:39Z,2017-03-20T22:24:27Z,
rosdistro,ros,Lunar Check Wiki pages,https://github.com/ros/rosdistro/issues/13677,4,closed,mikaelarguedas,2017-01-23T20:48:44Z,2017-05-31T15:29:26Z,
rosdistro,ros,Lunar Kick-Off Checklist,https://github.com/ros/rosdistro/issues/13550,24,closed,mikaelarguedas,2017-01-10T23:49:06Z,2017-04-24T20:53:18Z,
rosdistro,ros,rosdep can't resolve lua5.2-dev on Xenial,https://github.com/ros/rosdistro/issues/13544,5,closed,dmiklic,2017-01-09T10:58:30Z,2017-04-03T21:14:37Z,
rosdistro,ros,Header Error,https://github.com/ros/rosdistro/issues/19739,3,closed,Rafcin,2018-12-15T21:22:13Z,2018-12-16T17:18:48Z,
rosdistro,ros,libqwt-dev misses QT5 for xenial and above,https://github.com/ros/rosdistro/issues/19566,2,closed,samuelba,2018-11-30T06:42:39Z,2018-12-12T06:51:01Z,
rosdistro,ros,Premature mumber 'control.tar.xz' before 'control.tar.gz',https://github.com/ros/rosdistro/issues/19481,5,closed,RealZiangLiu,2018-11-16T01:49:02Z,2018-11-16T22:05:00Z,
rosdistro,ros,Inconsistent Qwt6 and Qt versions,https://github.com/ros/rosdistro/issues/19394,5,closed,pgorczak,2018-11-01T11:42:47Z,2018-12-14T06:28:58Z,
rosdistro,ros,Error catkin_make and catkin_create_pkg Melodic,https://github.com/ros/rosdistro/issues/19384,1,closed,LuisYordano,2018-10-30T14:38:53Z,2018-10-30T15:28:48Z,
rosdistro,ros,librealsense won't install successfully on 16.04.5,https://github.com/ros/rosdistro/issues/19312,7,closed,tfoote,2018-10-19T19:13:18Z,2020-09-01T21:16:30Z,
rosdistro,ros,grpc conflicting versions,https://github.com/ros/rosdistro/issues/19295,5,closed,tfoote,2018-10-17T06:12:18Z,2020-01-02T23:53:04Z,melodic
rosdistro,ros,Rosdep to python-requests,https://github.com/ros/rosdistro/issues/18956,3,closed,yotabits,2018-08-27T02:52:34Z,2018-08-29T00:09:49Z,
rosdistro,ros,Import catkin_lint 1.5.2,https://github.com/ros/rosdistro/issues/18860,1,closed,roehling,2018-08-16T16:02:15Z,2018-08-17T20:30:33Z,
rosdistro,ros,Failed to open pull request: SSLError - The read operation timed out,https://github.com/ros/rosdistro/issues/18667,2,closed,kintzhao,2018-07-29T08:59:43Z,2018-07-30T02:14:42Z,
rosdistro,ros,How to release a new released package to change the upstream and release url by bloom-release,https://github.com/ros/rosdistro/issues/18588,7,closed,kintzhao,2018-07-20T10:19:19Z,2018-07-31T02:21:06Z,
rosdistro,ros,file() was removed in Python 3 in favor of open(),https://github.com/ros/rosdistro/issues/18421,0,closed,cclauss,2018-07-10T18:38:57Z,2018-07-16T12:50:40Z,
rosdistro,ros,Distro versions with '*' not working?,https://github.com/ros/rosdistro/issues/18406,2,closed,Rayman,2018-07-10T08:40:31Z,2018-07-10T22:11:25Z,
rosdistro,ros,Errors in authorization.,https://github.com/ros/rosdistro/issues/18362,4,closed,hakuturu583,2018-07-04T22:45:52Z,2018-07-06T00:46:02Z,
rosdistro,ros,Develop more complete EOL policies,https://github.com/ros/rosdistro/issues/18296,10,closed,tfoote,2018-06-27T23:54:05Z,2026-03-31T01:57:52Z,
rosdistro,ros,git-core in bionic,https://github.com/ros/rosdistro/issues/18272,4,closed,BillWSY,2018-06-26T07:34:03Z,2018-06-27T00:13:12Z,
rosdistro,ros,Import catkin_lint 1.4.21,https://github.com/ros/rosdistro/issues/18213,1,closed,roehling,2018-06-14T07:12:14Z,2018-06-14T08:21:33Z,
rosdistro,ros,jasper does not exist anymore on Debian Stretch,https://github.com/ros/rosdistro/issues/18173,4,closed,machinekoder,2018-06-10T13:19:31Z,2018-08-17T20:19:17Z,
rosdistro,ros,libpng12-dev does not exist on Debian Stretch,https://github.com/ros/rosdistro/issues/18172,4,closed,machinekoder,2018-06-10T13:17:43Z,2018-06-11T09:39:52Z,
rosdistro,ros,rosdep crashes parsing entry for libglfw3-dev,https://github.com/ros/rosdistro/issues/18152,5,closed,MarcSeebold,2018-06-07T21:33:36Z,2018-06-07T22:59:47Z,
rosdistro,ros,ROS Topic List Issue,https://github.com/ros/rosdistro/issues/18127,1,closed,sdan,2018-06-06T03:32:31Z,2018-06-06T04:26:03Z,
rosdistro,ros,pip packages names should not use underscores,https://github.com/ros/rosdistro/issues/18116,9,closed,mathias-luedtke,2018-06-05T17:46:03Z,2020-09-23T13:21:20Z,
rosdistro,ros,scripts/clean_rosdep_yaml.py doesn't work properly with wildcards,https://github.com/ros/rosdistro/issues/17930,1,closed,d4n1elchen,2018-05-22T07:54:44Z,2018-05-23T02:48:30Z,
rosdistro,ros,separate rosconsole,https://github.com/ros/rosdistro/issues/17919,0,closed,dirk-thomas,2018-05-21T15:41:42Z,2018-05-21T17:19:17Z,melodic
rosdistro,ros,"Drop Python 2.6 ""support""",https://github.com/ros/rosdistro/issues/17903,7,closed,dirk-thomas,2018-05-18T22:52:54Z,2018-05-21T18:35:18Z,
rosdistro,ros,Melodic Python3 support tracking issue,https://github.com/ros/rosdistro/issues/17898,1,closed,clalancette,2018-05-18T15:35:53Z,2020-01-16T21:55:39Z,
rosdistro,ros,Consider merging automatically PRs with only a version bump,https://github.com/ros/rosdistro/issues/17667,3,closed,mikaelarguedas,2018-04-28T00:19:03Z,2020-09-01T21:13:49Z,
rosdistro,ros,msg or srv document is not in the correct location,https://github.com/ros/rosdistro/issues/17306,2,closed,robotpilot,2018-03-30T04:35:58Z,2018-03-30T14:57:27Z,
rosdistro,ros,Import catkin_lint 1.4.20,https://github.com/ros/rosdistro/issues/17188,1,closed,roehling,2018-03-20T15:13:15Z,2018-03-20T22:43:10Z,
rosdistro,ros,Problem installing libpcl-dev for ros kinetic.,https://github.com/ros/rosdistro/issues/17100,2,closed,skamdar,2018-03-10T19:21:16Z,2018-03-11T01:00:32Z,
rosdistro,ros,Homebrew issue on macOS High Sierra (10.13.1 17B1003).,https://github.com/ros/rosdistro/issues/16953,1,closed,lizixroy,2018-02-11T22:39:43Z,2018-02-13T05:03:35Z,
rosdistro,ros,Continuous Integration/Release only for some packages of Meta-package.,https://github.com/ros/rosdistro/issues/16851,2,closed,awinkler,2018-01-29T15:29:36Z,2018-01-29T19:26:14Z,
rosdistro,ros,ros installation on debian:buster,https://github.com/ros/rosdistro/issues/16768,14,closed,weichm,2018-01-13T22:11:20Z,2018-01-30T18:52:50Z,
rosdistro,ros,Retiring old OS versions from rosdep keys,https://github.com/ros/rosdistro/issues/16764,2,closed,CBJamo,2018-01-12T05:44:45Z,2018-01-17T12:44:22Z,
rosdistro,ros,ROS melodic requires downgrading packages in order to install,https://github.com/ros/rosdistro/issues/23360,1,closed,zzh112119,2019-12-23T19:07:41Z,2019-12-31T02:25:22Z,
rosdistro,ros,Can't find dependency although existing in yaml-file.,https://github.com/ros/rosdistro/issues/23341,2,closed,tylernewnoise,2019-12-19T16:18:05Z,2020-01-08T13:40:00Z,rosdep
rosdistro,ros,"ubuntu 18, ros melodic, boost: mutex lock failed in pthread_mutex_lock",https://github.com/ros/rosdistro/issues/23327,1,closed,darrahts,2019-12-18T01:13:42Z,2019-12-31T01:16:30Z,
rosdistro,ros,libqglviewer-dev-qt4 on armhf,https://github.com/ros/rosdistro/issues/23193,2,closed,wxmerkt,2019-12-02T17:26:48Z,2019-12-17T04:03:03Z,
rosdistro,ros,Bug in advertise_service_options.h,https://github.com/ros/rosdistro/issues/22978,1,closed,nicolaswith,2019-11-12T09:49:18Z,2019-12-17T04:05:55Z,
rosdistro,ros,Rosdep failed running on docker image,https://github.com/ros/rosdistro/issues/22939,1,closed,SamLyuubc,2019-11-10T05:53:25Z,2019-11-15T00:21:47Z,
rosdistro,ros,[Question] Is there a reason not define gazebo9 for ubuntu xenial ,https://github.com/ros/rosdistro/issues/22686,1,closed,shivamMg,2019-10-16T11:11:48Z,2019-10-20T09:05:23Z,
rosdistro,ros,Can you include the Python package noise?,https://github.com/ros/rosdistro/issues/22572,1,closed,nbro,2019-10-05T15:18:05Z,2019-10-16T23:47:01Z,
rosdistro,ros,It looks like it is there: http://wiki.ros.org/lslidar_01b .  I'm going to close this.,https://github.com/ros/rosdistro/issues/22428,0,closed,lixianqiang,2019-09-27T15:52:08Z,2019-10-01T07:43:42Z,
rosdistro,ros,Debian stretch rosdep key should resolve to gazebo9?,https://github.com/ros/rosdistro/issues/22360,1,closed,dpkoch,2019-09-24T20:37:40Z,2019-09-25T13:11:49Z,
rosdistro,ros,Update distribution targets for ROS python bootstrap packages.,https://github.com/ros/rosdistro/issues/22080,0,closed,nuclearsandwich,2019-08-23T03:11:09Z,2020-09-01T21:25:03Z,
rosdistro,ros,"NumPy, SciPy, Pandas, etc. require Python >= 3.5",https://github.com/ros/rosdistro/issues/22075,4,closed,MatthijsBurgh,2019-08-22T14:47:13Z,2019-08-23T09:15:58Z,
rosdistro,ros,Duplicate keys for ZeroMQ,https://github.com/ros/rosdistro/issues/21879,0,closed,christian-rauch,2019-08-01T20:04:33Z,2019-08-21T14:22:48Z,
rosdistro,ros,RFC: Update Install instructions not to use SKS servers,https://github.com/ros/rosdistro/issues/21718,2,closed,tfoote,2019-07-08T20:02:57Z,2020-09-01T21:21:21Z,
rosdistro,ros,Adding package meta-data to distribution.yaml?,https://github.com/ros/rosdistro/issues/21660,10,closed,jwhendy,2019-07-01T05:41:40Z,2019-09-03T20:31:02Z,
rosdistro,ros,Incorrect OE value for libjpeg in rosdep/base.yaml,https://github.com/ros/rosdistro/issues/21648,0,closed,herb-kuta-lge,2019-06-28T19:15:08Z,2019-07-10T13:20:03Z,
rosdistro,ros,Noetic Kick-off and Release Checklist,https://github.com/ros/rosdistro/issues/21513,6,closed,sloretz,2019-06-11T17:48:26Z,2020-09-23T13:23:47Z,noetic
rosdistro,ros,python package python-pkg-resources has merged into setuptools,https://github.com/ros/rosdistro/issues/21424,1,closed,russkel,2019-05-31T08:58:17Z,2020-01-02T23:59:11Z,rosdep
rosdistro,ros,rosdep update  error ,https://github.com/ros/rosdistro/issues/21312,3,closed,zpzp307,2019-05-21T07:59:16Z,2019-05-22T06:02:19Z,
rosdistro,ros,python package pep8 has renamed to pycodestyle,https://github.com/ros/rosdistro/issues/21106,2,closed,russkel,2019-05-07T03:14:37Z,2020-09-01T21:19:00Z,
rosdistro,ros,in_init,https://github.com/ros/rosdistro/issues/20846,0,closed,RemiG3,2019-04-10T13:20:27Z,2019-04-10T13:21:17Z,
rosdistro,ros, pip install --upgrade catkin_pkg_module fails,https://github.com/ros/rosdistro/issues/20600,3,closed,m090009,2019-03-19T02:53:55Z,2019-03-19T20:21:41Z,
rosdistro,ros,libgtkmm install error on Ubuntu,https://github.com/ros/rosdistro/issues/20591,5,closed,Tiryoh,2019-03-18T14:35:52Z,2019-03-30T05:40:08Z,rosdep
rosdistro,ros,"Pre-release tests on Travis passing, but build fails on Jenkins",https://github.com/ros/rosdistro/issues/20407,2,closed,musamarcusso,2019-02-27T19:29:45Z,2019-02-28T01:31:16Z,
rosdistro,ros,FFMPEG missing from rosdep for Xenial and Bionic,https://github.com/ros/rosdistro/issues/20366,2,closed,rsterner-hmi,2019-02-22T17:20:21Z,2019-03-06T14:10:10Z,rosdep
rosdistro,ros,[rosdep update] Failed to download target platform for gbpdistro (fuerte.yaml) HTTP 503,https://github.com/ros/rosdistro/issues/20341,2,closed,moriarty,2019-02-19T21:23:29Z,2019-02-19T21:24:58Z,
rosdistro,ros,Import libccd-dev v2.1,https://github.com/ros/rosdistro/issues/20284,2,closed,wxmerkt,2019-02-12T16:45:59Z,2019-04-19T23:39:30Z,
rosdistro,ros,Import catkin_lint 1.5.6,https://github.com/ros/rosdistro/issues/20283,0,closed,roehling,2019-02-12T14:10:34Z,2020-03-27T15:41:04Z,
rosdistro,ros,Installing ROS Melodic on Ubuntu 18.10,https://github.com/ros/rosdistro/issues/20220,2,closed,vkresch,2019-02-07T17:53:10Z,2019-02-08T01:10:46Z,
rosdistro,ros,pluginlib doesn't compile on debian:stretch,https://github.com/ros/rosdistro/issues/20184,3,closed,2ros0,2019-02-05T17:35:26Z,2019-02-06T16:55:22Z,more information needed
rosdistro,ros,python-shapely missing for bionic,https://github.com/ros/rosdistro/issues/19898,0,closed,janbernloehr,2019-01-09T12:36:05Z,2019-01-14T16:42:57Z,
rosdistro,ros,python-tqdm is not modelled for bionic,https://github.com/ros/rosdistro/issues/19897,0,closed,janbernloehr,2019-01-09T11:49:49Z,2019-01-14T16:42:29Z,
rosdistro,ros,python-psycopg2 missing for bionic,https://github.com/ros/rosdistro/issues/19896,0,closed,janbernloehr,2019-01-09T11:47:17Z,2019-01-14T16:41:44Z,
rosdistro,ros,No definition of [python-imaging] for OS version [bionic],https://github.com/ros/rosdistro/issues/19882,1,closed,kejxu,2019-01-08T17:49:05Z,2019-01-08T19:50:03Z,
rosdistro,ros,npm is uninstallable on stretch,https://github.com/ros/rosdistro/issues/19845,9,closed,tfoote,2019-01-03T07:15:00Z,2020-09-01T21:18:19Z,rosdep
rosdistro,ros,Inconsistent Gazebo versions in Debian Buster,https://github.com/ros/rosdistro/issues/27851,3,closed,StefanFabian,2020-12-28T11:07:16Z,2021-05-20T17:53:49Z,
rosdistro,ros,rosdep No definition of [rcpputils] on ArchLinux,https://github.com/ros/rosdistro/issues/27744,1,closed,RTrioux,2020-12-11T09:43:40Z,2020-12-21T19:03:32Z,
rosdistro,ros,ROS kinetic pcl dependency conflict,https://github.com/ros/rosdistro/issues/27538,19,closed,ivan1993br,2020-12-01T13:07:05Z,2020-12-07T19:43:55Z,
rosdistro,ros,ROS Noetic November 2020 Regressions,https://github.com/ros/rosdistro/issues/27401,15,closed,sloretz,2020-11-20T17:11:29Z,2021-08-12T21:23:20Z,noetic
rosdistro,ros,How to properly handle test packages,https://github.com/ros/rosdistro/issues/27359,8,closed,kyrofa,2020-11-17T16:50:28Z,2020-12-09T21:42:55Z,
rosdistro,ros,ROS conflicts with npm on Ubuntu 18.04,https://github.com/ros/rosdistro/issues/27302,7,closed,brettle,2020-11-11T19:50:04Z,2021-03-26T01:20:58Z,
rosdistro,ros,"Release of ""proj"" into dashing broke swri_transform_util",https://github.com/ros/rosdistro/issues/27139,3,closed,pjreed,2020-10-26T22:30:24Z,2020-10-27T05:26:11Z,
rosdistro,ros,normal wait time for recently merged packages to become available?,https://github.com/ros/rosdistro/issues/27060,4,closed,flynneva,2020-10-21T15:48:52Z,2020-10-21T17:56:57Z,
rosdistro,ros,there is an issue with this and boost system linkage,https://github.com/ros/rosdistro/issues/27023,3,closed,brookdpg,2020-10-19T01:43:02Z,2020-11-10T15:23:06Z,more information needed
rosdistro,ros,Expired domain name,https://github.com/ros/rosdistro/issues/26883,1,closed,dsikar,2020-10-09T09:06:15Z,2020-10-09T09:24:21Z,
rosdistro,ros,Invalid branches / repos,https://github.com/ros/rosdistro/issues/26853,12,closed,dirk-thomas,2020-10-07T19:21:12Z,2021-05-08T04:45:08Z,
rosdistro,ros,Foxy release tag for 2020-09-10 sync?,https://github.com/ros/rosdistro/issues/26546,1,closed,seanyen,2020-09-13T01:59:08Z,2020-09-14T16:49:07Z,
rosdistro,ros,Noetic: ros-noetic-octomap (1.9) conflicts with system octomap (1.8) required by libfcl.so,https://github.com/ros/rosdistro/issues/26527,33,closed,rhaschke,2020-09-11T08:44:12Z,2021-05-30T15:49:08Z,
rosdistro,ros,Build issues on Debian Buster for Noetic release,https://github.com/ros/rosdistro/issues/26526,18,closed,rhaschke,2020-09-11T06:37:16Z,2020-09-30T20:11:26Z,noetic
rosdistro,ros,nlohmann-json-dev entry on Ubuntu 20.04 broken,https://github.com/ros/rosdistro/issues/26454,3,closed,dseifert,2020-09-03T19:12:33Z,2020-09-22T16:43:16Z,
rosdistro,ros,{Proposal} Adding fine-grained PCL dependencies,https://github.com/ros/rosdistro/issues/26438,4,closed,YoshuaNava,2020-09-03T10:22:34Z,2020-11-12T07:12:19Z,rosdep
rosdistro,ros,Noetic release tag for 2020/08/31 release sync?,https://github.com/ros/rosdistro/issues/26406,2,closed,seanyen,2020-09-01T19:50:06Z,2020-09-01T23:20:45Z,
rosdistro,ros,URL for ezrassor_controller_server 404 error,https://github.com/ros/rosdistro/issues/26144,1,closed,zmichaels11,2020-08-10T18:03:01Z,2020-09-01T21:28:19Z,
rosdistro,ros,What is the recommendation for adding Ignition Robotics Libraries?,https://github.com/ros/rosdistro/issues/25760,4,closed,Levi-Armstrong,2020-07-10T19:39:04Z,2020-07-23T13:59:35Z,
rosdistro,ros,replacing master/slave terminology with an alternative,https://github.com/ros/rosdistro/issues/25516,2,closed,trusktr,2020-06-18T04:33:06Z,2020-09-01T21:26:18Z,
rosdistro,ros,Ros noetic Ubuntu 20 Arm64 Raspberry pi 4 - unable to find package desktop full,https://github.com/ros/rosdistro/issues/25457,8,closed,Chick92,2020-06-13T14:48:54Z,2021-11-08T14:45:47Z,
rosdistro,ros,recommend / use vcstool instead of wstool,https://github.com/ros/rosdistro/issues/25432,4,closed,dirk-thomas,2020-06-11T21:03:09Z,2020-06-25T15:35:52Z,
rosdistro,ros,Error while releasing ros package: Remote branch not found in upstream,https://github.com/ros/rosdistro/issues/25392,5,closed,pankhurivanjani,2020-06-10T09:47:53Z,2020-09-02T13:31:23Z,
rosdistro,ros,restore folding logic from Travis or update error messages,https://github.com/ros/rosdistro/issues/25334,2,open,dirk-thomas,2020-06-04T17:59:12Z,,
rosdistro,ros,Wrong version of libpcl in Debian Buster,https://github.com/ros/rosdistro/issues/25293,7,closed,lepalom,2020-06-03T10:13:14Z,2020-09-10T13:31:44Z,
rosdistro,ros,libpcl-dev breaks libvtk6-qt-dev on Ubuntu Focal,https://github.com/ros/rosdistro/issues/25233,1,closed,matlabbe,2020-06-01T15:27:00Z,2020-06-01T15:39:42Z,
rosdistro,ros,Dashing Package Sync,https://github.com/ros/rosdistro/issues/24765,1,closed,JWhitleyWork,2020-05-07T01:39:34Z,2020-05-12T00:36:09Z,
rosdistro,ros,How to specify a version of a pip library,https://github.com/ros/rosdistro/issues/24465,2,closed,asmsuechan,2020-04-14T05:10:05Z,2020-04-14T05:29:04Z,
rosdistro,ros,Github actions for this repo run on forks and fail,https://github.com/ros/rosdistro/issues/24377,3,closed,sloretz,2020-04-06T18:14:16Z,2020-04-07T00:06:35Z,
rosdistro,ros,Import catkin_lint 1.6.7,https://github.com/ros/rosdistro/issues/24251,11,closed,roehling,2020-03-27T15:48:13Z,2020-10-31T15:40:56Z,
rosdistro,ros,General Fedora 31 Error,https://github.com/ros/rosdistro/issues/24222,1,closed,TorosluAdam,2020-03-24T19:38:15Z,2020-03-25T00:35:15Z,
rosdistro,ros,Failing of iirob_filters package for debian stretch,https://github.com/ros/rosdistro/issues/24016,3,closed,destogl,2020-03-10T10:37:18Z,2020-09-23T13:25:47Z,
rosdistro,ros,404  Not Found [IP: 2600:3404:200:237::2  80] When trying to install ros-melodic-desktop-full,https://github.com/ros/rosdistro/issues/23974,1,closed,jeprince,2020-03-05T18:04:48Z,2020-03-10T20:16:42Z,
rosdistro,ros,stretch set to install gazebo9 in base.yaml,https://github.com/ros/rosdistro/issues/23942,1,closed,courtneyconroy,2020-03-03T16:54:44Z,2020-03-10T18:44:18Z,
rosdistro,ros,MacOS install with (deprecated) Python2.7,https://github.com/ros/rosdistro/issues/23889,1,closed,iPsych,2020-02-26T17:57:13Z,2020-03-10T18:19:17Z,
rosdistro,ros,PIP only package naming?,https://github.com/ros/rosdistro/issues/23767,2,closed,MatthijsBurgh,2020-02-14T08:19:20Z,2020-02-28T07:04:28Z,
rosdistro,ros,Question: How to handle wrapper packages tracking upstream releases properly?,https://github.com/ros/rosdistro/issues/23441,2,closed,mgruhler,2020-01-08T08:34:43Z,2020-01-08T13:20:20Z,
rosdistro,ros,Questions on updating bloom tracks.yaml,https://github.com/ros/rosdistro/issues/23415,1,closed,ErwanCL,2020-01-06T13:18:25Z,2020-01-08T22:40:20Z,
rosdistro,ros,Many Xenial entries are being dropped,https://github.com/ros/rosdistro/issues/31569,7,closed,smits,2021-12-23T10:02:09Z,2022-03-03T20:00:25Z,
rosdistro,ros,[question] Which release repository for a new Noetic webots_ros release,https://github.com/ros/rosdistro/issues/31536,1,closed,BenjaminHug8,2021-12-22T10:12:42Z,2022-01-05T19:16:49Z,
rosdistro,ros,Galactic compiled for Debian,https://github.com/ros/rosdistro/issues/31460,1,closed,mmege,2021-12-13T10:28:14Z,2021-12-14T22:06:44Z,
rosdistro,ros,Repo check test is sometimes checking or reporting errors in the wrong lines,https://github.com/ros/rosdistro/issues/31439,2,open,ivanpauno,2021-12-10T16:59:27Z,,
rosdistro,ros,python-rdflib on ubuntu focal,https://github.com/ros/rosdistro/issues/31337,1,closed,McModknower,2021-11-30T18:05:57Z,2022-01-05T19:21:56Z,
rosdistro,ros,python-paramiko,https://github.com/ros/rosdistro/issues/31332,1,closed,simchanu29,2021-11-29T17:23:39Z,2021-12-15T15:31:23Z,
rosdistro,ros,rosdistro entry requiring PPA? ,https://github.com/ros/rosdistro/issues/31215,7,closed,SteveMacenski,2021-11-12T22:25:35Z,2022-01-05T02:43:00Z,
rosdistro,ros,open3d-python deprecated?,https://github.com/ros/rosdistro/issues/30995,5,closed,mvoelk,2021-10-15T09:07:02Z,2022-01-05T19:24:00Z,more information needed
rosdistro,ros,Backport absl Ubuntu pacakges?,https://github.com/ros/rosdistro/issues/30904,4,closed,tylerjw,2021-10-02T19:53:01Z,2021-11-08T14:47:48Z,
rosdistro,ros,[question] pytorch debian architecture specific,https://github.com/ros/rosdistro/issues/30535,1,closed,flynneva,2021-08-22T20:23:57Z,2021-09-24T15:40:05Z,
rosdistro,ros,micro_ros_setup No definition of [python3-vcstool] for OS [osx],https://github.com/ros/rosdistro/issues/30425,3,closed,liusongran,2021-08-07T10:23:30Z,2021-08-09T19:10:08Z,
rosdistro,ros,swri-robotics/marti_common packages listed in galactic but repos do not exist,https://github.com/ros/rosdistro/issues/30351,3,closed,Tobias-Fischer,2021-07-29T22:15:48Z,2021-07-30T00:48:58Z,
rosdistro,ros,Dependency caching on the ROS build farm,https://github.com/ros/rosdistro/issues/30219,1,closed,ggaessler,2021-07-15T07:29:36Z,2021-07-16T21:24:32Z,
rosdistro,ros,Question about adding a repo for python-gdal,https://github.com/ros/rosdistro/issues/30210,1,closed,rolker,2021-07-14T15:50:37Z,2021-07-16T23:55:00Z,
rosdistro,ros,python-serial missing for ubuntu focal?,https://github.com/ros/rosdistro/issues/30138,2,closed,flynneva,2021-07-08T16:39:55Z,2021-07-08T23:22:57Z,
rosdistro,ros,Debugging librealsense2 for Galactic Build Fail ,https://github.com/ros/rosdistro/issues/30114,7,closed,doronhi,2021-07-06T11:18:18Z,2021-11-08T14:43:34Z,
rosdistro,ros,"CI failure: ""fatal: remotes/origin/master...HEAD: no merge base""",https://github.com/ros/rosdistro/issues/29964,1,closed,jacobperron,2021-06-18T23:58:31Z,2021-09-08T19:31:28Z,
rosdistro,ros,Extend Gentoo CONTRIBUTING guides to clarify about pip rules ,https://github.com/ros/rosdistro/issues/29908,1,closed,tfoote,2021-06-15T18:22:13Z,2021-06-17T17:09:47Z,
rosdistro,ros,rclc: bloom release galactic: 'origin/galactic^{commit}': unknown revision,https://github.com/ros/rosdistro/issues/29738,6,closed,JanStaschulat,2021-06-01T07:28:57Z,2021-06-10T15:02:01Z,
rosdistro,ros,Expired certificate (2021-05-29),https://github.com/ros/rosdistro/issues/29715,10,closed,eigendude,2021-05-29T02:15:54Z,2021-05-30T00:12:59Z,
rosdistro,ros,[feature] CI job to verify dependencies package.xml,https://github.com/ros/rosdistro/issues/29685,6,open,SteveMacenski,2021-05-26T21:04:51Z,,
rosdistro,ros,ROS_DISTRO is not defined in foxy,https://github.com/ros/rosdistro/issues/29465,2,closed,doronhi,2021-05-09T10:06:36Z,2021-05-10T18:39:45Z,
rosdistro,ros,version number confusion,https://github.com/ros/rosdistro/issues/29398,3,closed,swhart115,2021-05-03T21:33:55Z,2021-05-03T22:24:34Z,
rosdistro,ros,File conflict for /opt/ros/noetic/lib/python3/dist-packages/libgtest.so between moveit_core and tf,https://github.com/ros/rosdistro/issues/29173,13,closed,rhaschke,2021-04-15T11:26:55Z,2021-06-16T05:58:51Z,
rosdistro,ros,"""Failed to open pull request"" with HTTP Error 404",https://github.com/ros/rosdistro/issues/29168,2,closed,ROBOTIS-Will,2021-04-15T05:37:32Z,2021-04-16T07:51:40Z,
rosdistro,ros,Add rosdep keys for Ignition Edifice,https://github.com/ros/rosdistro/issues/28960,0,closed,chapulina,2021-04-05T20:37:09Z,2021-04-16T21:50:44Z,
rosdistro,ros,How to add key for Jetson stats package,https://github.com/ros/rosdistro/issues/28910,2,closed,prat1kbhujbal,2021-03-31T06:37:07Z,2021-04-09T04:41:45Z,more information needed
rosdistro,ros,Pip entries,https://github.com/ros/rosdistro/issues/28891,5,closed,MatthijsBurgh,2021-03-29T14:02:06Z,2021-05-06T15:36:08Z,
rosdistro,ros,Foxy not offered for indexing at index.ros.org,https://github.com/ros/rosdistro/issues/28531,2,closed,mosteo,2021-03-10T11:24:11Z,2021-03-10T14:53:03Z,
rosdistro,ros,Missing rosdep keys for eloquent,https://github.com/ros/rosdistro/issues/28454,3,closed,rhaschke,2021-03-02T07:55:48Z,2021-03-02T13:09:39Z,
rosdistro,ros,Inconsistent libuv versions,https://github.com/ros/rosdistro/issues/28399,1,closed,stertingen,2021-02-24T15:49:46Z,2021-04-14T19:58:51Z,
rosdistro,ros,Builds on ubuntu_focal_armhf are failling with a SSL/TLS error when fetching rosdistro index,https://github.com/ros/rosdistro/issues/27939,2,closed,hrnr,2021-01-10T15:08:07Z,2021-01-16T15:49:05Z,
rosdistro,ros,Noetic rm_control regression - source job fails to build,https://github.com/ros/rosdistro/issues/35709,3,closed,sloretz,2022-12-29T17:28:19Z,2023-01-11T20:21:18Z,
rosdistro,ros,latest eigenpy 2.8.1 not found on ros-testing package server,https://github.com/ros/rosdistro/issues/35654,1,closed,rhaschke,2022-12-14T21:32:15Z,2022-12-15T07:33:20Z,
rosdistro,ros,Missing rosdep key for ament_cmake_clang_tidy,https://github.com/ros/rosdistro/issues/35653,3,closed,RFRIEDM-Trimble,2022-12-14T20:55:43Z,2023-01-03T14:41:31Z,
rosdistro,ros,Unable to establish SSL connection-raw.githubusercontent.com/ros/rosdistro/master/ros.key,https://github.com/ros/rosdistro/issues/35490,5,closed,anilbommareddy,2022-12-01T09:08:26Z,2023-01-11T20:23:30Z,
rosdistro,ros,apriltag ROS package is colliding with the system packaged version,https://github.com/ros/rosdistro/issues/35273,9,open,tfoote,2022-11-09T23:29:29Z,,
rosdistro,ros,Doc build issues (#35140 and #35139),https://github.com/ros/rosdistro/issues/35241,1,closed,twdragon,2022-11-08T08:48:35Z,2023-03-13T22:58:59Z,
rosdistro,ros,"Consider updating apriltag to 3.3, and adding apriltag_msgs",https://github.com/ros/rosdistro/issues/35131,2,closed,manglemix,2022-11-02T04:35:10Z,2023-09-07T15:19:40Z,
rosdistro,ros,Add a requirements.txt for contributors,https://github.com/ros/rosdistro/issues/35109,4,closed,RFRIEDM-Trimble,2022-10-31T14:16:23Z,2023-09-07T15:18:38Z,
rosdistro,ros,libdc1394-22-dev not longer available for Debian and Ubuntu after version 21.10. ,https://github.com/ros/rosdistro/issues/34921,0,closed,FranekStark,2022-10-13T12:27:42Z,2022-10-20T13:25:28Z,
rosdistro,ros,How to patch ROS2 release.,https://github.com/ros/rosdistro/issues/34385,6,closed,Levi-Armstrong,2022-09-08T14:47:48Z,2023-04-14T16:54:00Z,
rosdistro,ros,"Please, consider adding libopenni2-dev for rhel:8 ",https://github.com/ros/rosdistro/issues/34332,2,closed,jlblancoc,2022-09-06T09:13:03Z,2022-09-20T22:16:13Z,
rosdistro,ros,Releasing third party package for ROS2,https://github.com/ros/rosdistro/issues/33805,1,closed,alvinsunyixiao,2022-07-09T03:43:00Z,2022-07-28T20:34:10Z,
rosdistro,ros,Discussion: python3 typing-extensions package,https://github.com/ros/rosdistro/issues/33596,4,closed,SubaruArai,2022-06-16T01:23:41Z,2022-08-26T23:51:32Z,
rosdistro,ros,Update rosdistro CI to detect package name collisions,https://github.com/ros/rosdistro/issues/33537,0,open,cottsay,2022-06-11T00:11:14Z,,
rosdistro,ros,Package 'python-scipy' has no installation candidate in galactic AMD docker,https://github.com/ros/rosdistro/issues/33053,1,closed,RFRIEDM-Trimble,2022-05-04T20:03:02Z,2022-05-07T04:22:41Z,
rosdistro,ros,OpenVDB Debian Buster Build Farm Issue,https://github.com/ros/rosdistro/issues/33039,2,closed,SteveMacenski,2022-05-03T20:04:08Z,2024-01-19T16:33:33Z,
rosdistro,ros,Permission denied error building Python package using cmake,https://github.com/ros/rosdistro/issues/32471,8,closed,johnwason,2022-03-17T04:32:32Z,2022-04-04T23:22:24Z,
rosdistro,ros,why ros-galactic-realsense2-camera package has been removed?,https://github.com/ros/rosdistro/issues/32467,1,closed,Nir-Az,2022-03-16T13:11:48Z,2022-04-07T20:46:42Z,
rosdistro,ros,Rolling on Focal,https://github.com/ros/rosdistro/issues/32417,2,closed,artivis,2022-03-07T22:24:44Z,2022-03-15T19:43:07Z,
rosdistro,ros,Improve Pull Request Template for rosdep,https://github.com/ros/rosdistro/issues/32388,0,closed,tfoote,2022-03-04T18:45:59Z,2025-05-06T19:13:44Z,
rosdistro,ros,qpOASES vendor,https://github.com/ros/rosdistro/issues/32362,1,closed,mhubii,2022-03-02T09:49:07Z,2022-03-03T19:15:32Z,
rosdistro,ros,Next Melodic sync?,https://github.com/ros/rosdistro/issues/32236,3,closed,rhaschke,2022-02-18T08:21:03Z,2022-03-03T19:17:14Z,
rosdistro,ros,[migration-tools] release and platform branch history is not preserved when source and dest are the same.,https://github.com/ros/rosdistro/issues/32128,1,open,nuclearsandwich,2022-02-10T22:45:14Z,,
rosdistro,ros,[pkg release] Libserial version on Jenkins,https://github.com/ros/rosdistro/issues/32095,1,closed,andreabu,2022-02-08T11:32:12Z,2022-03-03T19:26:49Z,
rosdistro,ros,error installing new release of cnpy,https://github.com/ros/rosdistro/issues/32030,5,closed,PeterMitrano,2022-02-03T18:48:16Z,2022-03-04T00:45:50Z,
rosdistro,ros,ros-melodic-costmap-2d dependancy error,https://github.com/ros/rosdistro/issues/31928,2,closed,lianghongzhuo,2022-01-26T13:15:41Z,2022-03-03T20:02:07Z,
rosdistro,ros,Package python-transitions not found on Ubuntu 20.04,https://github.com/ros/rosdistro/issues/31918,1,closed,invenibo,2022-01-25T17:33:36Z,2022-03-03T19:57:38Z,
rosdistro,ros,serial not available for noetic,https://github.com/ros/rosdistro/issues/31855,1,closed,ardabbour,2022-01-19T09:14:03Z,2022-01-20T18:51:49Z,
rosdistro,ros,Old python3-mypy version on Ubuntu,https://github.com/ros/rosdistro/issues/39208,1,closed,Wojcik98,2023-12-14T10:20:11Z,2023-12-15T19:43:59Z,
rosdistro,ros,Add roboticstoolbox-python to the rosdep index,https://github.com/ros/rosdistro/issues/39175,2,closed,BrunoB81HK,2023-12-08T15:50:28Z,2023-12-26T14:55:49Z,
rosdistro,ros,"released package with too-high version number, what to do?",https://github.com/ros/rosdistro/issues/38921,2,closed,berndpfrommer,2023-11-09T12:41:02Z,2023-12-28T00:38:23Z,
rosdistro,ros,Support for Bookworm,https://github.com/ros/rosdistro/issues/38767,3,closed,rosterloh,2023-10-16T07:33:01Z,2026-02-10T20:23:19Z,
rosdistro,ros,[Question] what to do with all the python keys not starting with `python-`/`python3-`?,https://github.com/ros/rosdistro/issues/38430,1,closed,MatthijsBurgh,2023-09-07T11:52:01Z,2026-03-31T02:00:47Z,
rosdistro,ros, Issue with Gymnasium rosdep key and Numpy version compatibility on Ubuntu 20.04,https://github.com/ros/rosdistro/issues/38332,0,closed,rickstaa,2023-08-23T16:16:30Z,2023-08-23T16:16:35Z,
rosdistro,ros,Suggestion: use pytest-xdist to speed up pytest,https://github.com/ros/rosdistro/issues/38273,1,open,SubaruArai,2023-08-21T08:19:21Z,,
rosdistro,ros,"Release tags do not exist for turtlesim (ros_tutorials) on Humble, Iron",https://github.com/ros/rosdistro/issues/38036,0,closed,mboulet,2023-07-19T13:21:35Z,2023-07-27T14:40:10Z,
rosdistro,ros,Bug: Can't run nosetests on python3.11 - module 'collections' has no attribute 'Callable',https://github.com/ros/rosdistro/issues/37844,1,closed,Ryanf55,2023-06-30T16:34:56Z,2023-08-04T17:05:50Z,
rosdistro,ros,Support component-level keys for boost,https://github.com/ros/rosdistro/issues/37822,2,closed,Ryanf55,2023-06-29T14:40:28Z,2023-09-03T01:01:09Z,
rosdistro,ros,Regression in rplidar_ros package.,https://github.com/ros/rosdistro/issues/37679,17,closed,roni-kreinin,2023-06-15T18:55:23Z,2024-01-19T16:30:55Z,
rosdistro,ros,`attrs` completely missing for Ubuntu Jammy,https://github.com/ros/rosdistro/issues/37310,2,closed,Interpause,2023-05-22T14:35:08Z,2023-09-07T15:22:52Z,
rosdistro,ros,Bug: Docs refer to nonexistent tool rosdistro_reformat ,https://github.com/ros/rosdistro/issues/37227,0,closed,Ryanf55,2023-05-13T01:22:08Z,2023-05-16T14:19:23Z,
rosdistro,ros,ros2 humble robot_localization version issue,https://github.com/ros/rosdistro/issues/37126,1,closed,daisukes,2023-05-03T20:53:27Z,2023-05-17T17:01:11Z,
rosdistro,ros,Deleted rosdep rules EOL - RPI ,https://github.com/ros/rosdistro/issues/36889,2,closed,rafal-gorecki,2023-04-17T18:10:55Z,2023-04-18T21:37:19Z,
rosdistro,ros,Add sparkfun-qwiic to rosdep?,https://github.com/ros/rosdistro/issues/36442,2,closed,RnoldR,2023-03-12T15:12:27Z,2023-03-13T22:56:59Z,
rosdistro,ros,Add BigTree to rosdistro?,https://github.com/ros/rosdistro/issues/36424,1,closed,hsd-dev,2023-03-09T08:44:40Z,2023-03-13T22:48:48Z,
rosdistro,ros,Conflicting numpy-quaternion and scipy versions,https://github.com/ros/rosdistro/issues/36253,2,closed,imontesino,2023-02-21T10:56:54Z,2023-09-07T15:20:37Z,
rosdistro,ros,Missing rosdep key for pymap3d-pip in ubuntu jammy,https://github.com/ros/rosdistro/issues/36088,4,closed,pariaspe,2023-02-10T19:18:42Z,2023-02-21T14:43:51Z,
rosdistro,ros,PR testing not working,https://github.com/ros/rosdistro/issues/36083,1,closed,saching13,2023-02-09T23:09:29Z,2023-02-13T07:28:17Z,
rosdistro,ros,Add maintainer cross check to review guidelines,https://github.com/ros/rosdistro/issues/36047,0,open,tfoote,2023-02-06T22:57:22Z,,
rosdistro,ros,ruckig release points to non-existing repo,https://github.com/ros/rosdistro/issues/35752,0,closed,Tobias-Fischer,2023-01-04T22:35:39Z,2023-01-05T08:04:23Z,
rosdistro,ros,glslc Entry for Ubuntu Jammy,https://github.com/ros/rosdistro/issues/43891,5,closed,meetgandhi-dev,2024-12-12T16:48:18Z,2024-12-17T06:30:54Z,
rosdistro,ros,Dealing with broken `python3-grpc` on Ubuntu Jammy ,https://github.com/ros/rosdistro/issues/43797,1,open,mhidalgo-rai,2024-12-04T21:05:34Z,,
rosdistro,ros,"Add ""pdal"" to rosdistro/base",https://github.com/ros/rosdistro/issues/43795,2,closed,jlblancoc,2024-12-04T16:08:45Z,2025-01-02T13:29:31Z,
rosdistro,ros,python3-inject-pip broken for noetic,https://github.com/ros/rosdistro/issues/43771,1,closed,InigoMoreno,2024-12-03T13:09:25Z,2026-02-10T20:25:13Z,
rosdistro,ros,[Ubuntu Noble] catkin-lint version 1.6.22 is broken and hangs forever,https://github.com/ros/rosdistro/issues/43395,5,open,mikaelarguedas,2024-11-08T13:52:21Z,,
rosdistro,ros,humble/2024-10-17 tag is missing,https://github.com/ros/rosdistro/issues/43252,3,closed,mathias-luedtke,2024-10-21T07:55:32Z,2025-01-02T13:32:36Z,
rosdistro,ros,Noetic PR2 release repositories deleted,https://github.com/ros/rosdistro/issues/43250,1,closed,lopsided98,2024-10-19T17:14:39Z,2024-11-22T23:25:20Z,
rosdistro,ros,Numpy and pandas compatibility issue when installing packages through `rosdep`,https://github.com/ros/rosdistro/issues/43101,1,closed,LastStarDust,2024-10-08T07:42:55Z,2025-03-27T08:39:04Z,
rosdistro,ros,invalid key for pybind11 on RHEL8,https://github.com/ros/rosdistro/issues/42698,2,closed,christianrauch,2024-09-02T22:08:05Z,2024-09-06T15:03:16Z,
rosdistro,ros,Performance_test buildfarm issues,https://github.com/ros/rosdistro/issues/42458,0,closed,LanderU,2024-08-15T16:21:08Z,2026-03-31T13:15:55Z,
rosdistro,ros,查到、,https://github.com/ros/rosdistro/issues/42351,0,closed,1843263375,2024-08-08T13:51:02Z,2025-01-02T13:32:49Z,
rosdistro,ros,[noetic] image_transport_plugins 1.15.0 not released,https://github.com/ros/rosdistro/issues/42149,2,closed,daenny,2024-07-22T14:48:35Z,2024-07-24T01:24:52Z,
rosdistro,ros,DepthAI ROS packages missing in latest Noetic release,https://github.com/ros/rosdistro/issues/41775,1,closed,Serafadam,2024-06-24T07:23:14Z,2024-07-24T01:26:17Z,
rosdistro,ros,Octomap as released into Jazzy and Rolling is ABI-incompatible with system versions,https://github.com/ros/rosdistro/issues/41622,3,closed,clalancette,2024-06-14T13:27:54Z,2024-08-26T15:39:40Z,
rosdistro,ros,libgrpc key has mixed dev/binary packages,https://github.com/ros/rosdistro/issues/41602,1,closed,frankkusters,2024-06-12T09:23:59Z,2024-06-21T13:33:12Z,
rosdistro,ros,Write REP/Guide on why and when to use vendor packages,https://github.com/ros/rosdistro/issues/41221,0,open,mjcarroll,2024-05-16T14:12:04Z,,
rosdistro,ros, installation script missing for Humble,https://github.com/ros/rosdistro/issues/41139,1,closed,amar-jay,2024-05-12T15:22:43Z,2024-05-15T12:03:44Z,
rosdistro,ros,Inconsistency between `clean_rosdep_yaml.py` and validation scripts,https://github.com/ros/rosdistro/issues/41119,0,open,amalnanavati,2024-05-09T16:47:52Z,,
rosdistro,ros,module stable baselines3 cannot be found although exec_depend 'python3-stable-baselines3-pip' has been added to package.xml,https://github.com/ros/rosdistro/issues/41064,1,closed,naijekux,2024-05-06T11:25:38Z,2024-05-08T09:22:57Z,
rosdistro,ros,Update rosdep CI to enforce compatibility with older PyYAML,https://github.com/ros/rosdistro/issues/41060,0,open,cottsay,2024-05-04T16:12:04Z,,
rosdistro,ros,base.yaml的3911行：gentoo: [dev-cpp/gtkmm:3.0] 报错！！！,https://github.com/ros/rosdistro/issues/41057,1,closed,sillybisme,2024-05-04T09:41:53Z,2024-05-04T16:16:21Z,
rosdistro,ros,[Question] pydantic from pip instead apt?,https://github.com/ros/rosdistro/issues/41050,1,closed,pariaspe,2024-05-03T16:32:15Z,2024-06-11T19:10:51Z,
rosdistro,ros,Is ros2_canopen available or not in ROS2 humble,https://github.com/ros/rosdistro/issues/40448,2,closed,ghanim-mukhtar,2024-04-03T14:17:14Z,2024-04-09T23:57:27Z,
rosdistro,ros,Geographiclib does not exist in older versions of Ubuntu,https://github.com/ros/rosdistro/issues/40272,9,closed,Louis-PR,2024-03-20T10:36:34Z,2024-04-09T17:42:36Z,
rosdistro,ros,rosdep fails with rolling,https://github.com/ros/rosdistro/issues/40236,7,closed,roncapat,2024-03-18T11:17:33Z,2024-06-11T19:11:27Z,
rosdistro,ros,PR #40033 causes packages to fail on build farm,https://github.com/ros/rosdistro/issues/40114,1,closed,rhaschke,2024-03-07T11:05:32Z,2024-06-14T13:15:52Z,
rosdistro,ros,"AeroVironment MacCready Works REP-144 Name Prefix of ""avmw_""",https://github.com/ros/rosdistro/issues/39863,2,closed,Ryanf55,2024-02-09T17:20:21Z,2025-01-02T13:35:09Z,
rosdistro,ros,Remove locator_ros_bridge from iron and rolling,https://github.com/ros/rosdistro/issues/39633,2,closed,syyuen,2024-01-23T15:38:51Z,2024-01-30T12:37:20Z,
rosdistro,ros,rosdep update: No such file or directory: '/usr/share/python3-rosdep2/debian.yaml',https://github.com/ros/rosdistro/issues/39489,1,closed,mattxcnm,2024-01-09T17:40:17Z,2024-01-18T17:37:02Z,
rosdistro,ros,ros-navigation,https://github.com/ros/rosdistro/issues/45372,3,closed,izzaaaatanishq,2025-04-24T21:39:36Z,2025-05-06T18:39:49Z,
rosdistro,ros,Upgrade github actions to use newer ubuntu version than 20.04,https://github.com/ros/rosdistro/issues/45032,0,closed,sloretz,2025-04-08T15:25:24Z,2025-04-08T16:38:43Z,
rosdistro,ros,Multiple rosdep additions,https://github.com/ros/rosdistro/issues/44921,3,closed,stergiosba,2025-03-31T21:43:27Z,2025-05-06T18:40:00Z,
rosdistro,ros,Unable to find libqt5core5a on ArmHF version of Ubuntu 24.04,https://github.com/ros/rosdistro/issues/44826,5,closed,yuqingli05,2025-03-19T05:22:02Z,2025-05-13T16:57:17Z,
rosdistro,ros,Update Distro to Include rti-connext-dds-7.3.0,https://github.com/ros/rosdistro/issues/44821,1,closed,lobolanja,2025-03-18T09:59:37Z,2026-04-06T16:58:46Z,
rosdistro,ros,Registration order based on package dependency relationships,https://github.com/ros/rosdistro/issues/44557,2,closed,robotpilot,2025-02-20T11:02:51Z,2025-03-10T23:16:22Z,
rosdistro,ros,Using python-cantools-pip as a dependency creates uninstallable deb package,https://github.com/ros/rosdistro/issues/44471,4,closed,superdyoll,2025-02-13T16:27:17Z,2025-05-06T15:16:06Z,
rosdistro,ros,Reminder to update GPG public keys in time,https://github.com/ros/rosdistro/issues/44272,9,closed,kgoger,2025-01-24T08:18:24Z,2026-02-10T20:28:30Z,
rosdistro,ros,Add `py_trees_ros_tutorials` repo to `ros2-gbp`,https://github.com/ros/rosdistro/issues/44174,1,closed,sea-bass,2025-01-14T00:40:54Z,2025-01-14T04:16:40Z,
rosdistro,ros,APT Repository versions include build numbers,https://github.com/ros/rosdistro/issues/44087,4,closed,hwiedPro,2025-01-02T12:59:26Z,2026-02-10T20:27:33Z,
